scenario,ta,rec_rate,corr_bl,cov_bl,exp_bl,Ne,Ne_est,Nreps,seed
DivergenceMigration1,0.0,3.0,0.0022888979517000727,1646017962.5555062,40154.27183712472,10000,10038.56795928118,20000,42
DivergenceMigration1,0.0,3.07,0.021851069637910468,1568193366.2617106,39917.92224765294,10000,9979.480561913235,20000,42
DivergenceMigration1,0.0,3.14,0.023452830654911015,1594826397.3394723,40051.131191333225,10000,10012.782797833306,20000,42
DivergenceMigration1,0.0,3.21,0.024697654326017497,1601162167.089254,39878.29985532347,10000,9969.574963830868,20000,42
DivergenceMigration1,0.0,3.28,0.00644186235970046,1658009829.8031852,40272.3100556048,10000,10068.0775139012,20000,42
DivergenceMigration1,0.0,3.34,0.029641493848722996,1620814349.3977678,39997.369188041106,10000,9999.342297010277,20000,42
DivergenceMigration1,0.0,3.41,0.038299376086748695,1534815110.529081,39568.170044083614,10000,9892.042511020903,20000,42
DivergenceMigration1,0.0,3.48,0.04929632508199234,1591586083.7618678,39992.85313462291,10000,9998.213283655727,20000,42
DivergenceMigration1,0.0,3.55,0.0592598932062318,1604454322.6143398,40090.38066721574,10000,10022.595166803934,20000,42
DivergenceMigration1,0.0,3.62,0.058265295313578866,1598559962.0145657,39840.83376753068,10000,9960.20844188267,20000,42
DivergenceMigration1,0.0,3.69,0.06553721626219075,1572933890.1670418,39867.04812196838,10000,9966.762030492095,20000,42
DivergenceMigration1,0.0,3.76,0.08373993445836495,1583127736.269619,40121.05986662854,10000,10030.264966657134,20000,42
DivergenceMigration1,0.0,3.83,0.09165748806106563,1602472682.456512,40205.93360177199,10000,10051.483400442998,20000,42
DivergenceMigration1,0.0,3.9,0.10051271407039428,1600546034.650555,40054.08061185896,10000,10013.52015296474,20000,42
DivergenceMigration1,0.0,3.97,0.1291300180711748,1599401868.2007844,40154.01834394847,10000,10038.504585987117,20000,42
DivergenceMigration1,0.0,4.03,0.1454387300439296,1595273985.4822206,39967.00786475889,10000,9991.751966189722,20000,42
DivergenceMigration1,0.0,4.1,0.15611041295058037,1622091067.7764764,40385.63348064884,10000,10096.40837016221,20000,42
DivergenceMigration1,0.0,4.17,0.19987581129127535,1556212651.8742893,39744.87554434185,10000,9936.218886085462,20000,42
DivergenceMigration1,0.0,4.24,0.23802326171665897,1566373888.9553812,39860.82966359613,10000,9965.207415899033,20000,42
DivergenceMigration1,0.0,4.31,0.26982860215126037,1584883957.382698,40233.1061167849,10000,10058.276529196224,20000,42
DivergenceMigration1,0.0,4.38,0.30460476619156024,1596689965.3313432,40048.788962107275,10000,10012.197240526819,20000,42
DivergenceMigration1,0.0,4.45,0.3302087770081087,1552416865.2684596,39409.64695786875,10000,9852.411739467187,20000,42
DivergenceMigration1,0.0,4.52,0.3637313275584959,1615556083.012174,40106.75660925228,10000,10026.68915231307,20000,42
DivergenceMigration1,0.0,4.59,0.4201958531577329,1628852462.3456147,40402.1132222381,10000,10100.528305559525,20000,42
DivergenceMigration1,0.0,4.66,0.44337961853331503,1593425285.6542945,40191.19630377727,10000,10047.799075944318,20000,42
DivergenceMigration1,0.0,4.72,0.48820738961576815,1574051096.5205514,39991.25294390872,10000,9997.81323597718,20000,42
DivergenceMigration1,0.0,4.79,0.5163891135348149,1557757029.4552567,39619.36831530409,10000,9904.842078826023,20000,42
DivergenceMigration1,0.0,4.86,0.5721051367292779,1619182472.5036726,40038.50404457655,10000,10009.626011144137,20000,42
DivergenceMigration1,0.0,4.93,0.621097974324162,1607392976.9123955,39946.67429684527,10000,9986.668574211317,20000,42
DivergenceMigration1,0.0,5.0,0.6509527672315046,1631397186.2403324,40144.349174600946,10000,10036.087293650236,20000,42
DivergenceMigration1,233.0,3.0,0.009761414568613354,1556879317.7612011,40220.54612544015,10000,10055.136531360038,20000,42
DivergenceMigration1,233.0,3.07,0.011867664822042821,1605222910.246984,40539.19190424025,10000,10134.797976060063,20000,42
DivergenceMigration1,233.0,3.14,0.012043408973006351,1659095994.1926215,40184.115513121986,10000,10046.028878280496,20000,42
DivergenceMigration1,233.0,3.21,0.013872710655175102,1565466373.3135498,40121.56845792499,10000,10030.392114481247,20000,42
DivergenceMigration1,233.0,3.28,0.025736369781684303,1606147209.8119185,40053.13972738331,10000,10013.284931845828,20000,42
DivergenceMigration1,233.0,3.34,0.03567659643165082,1568501246.4569426,40203.43713365439,10000,10050.859283413598,20000,42
DivergenceMigration1,233.0,3.41,0.020027059856715285,1646762379.3563147,40462.33954764241,10000,10115.584886910603,20000,42
DivergenceMigration1,233.0,3.48,0.037434876311869175,1631873750.495946,40670.195972754525,10000,10167.548993188631,20000,42
DivergenceMigration1,233.0,3.55,0.05159668714641451,1622493640.094243,40139.69068227321,10000,10034.922670568303,20000,42
DivergenceMigration1,233.0,3.62,0.06012082002925024,1609056974.4330783,40250.54302405531,10000,10062.635756013828,20000,42
DivergenceMigration1,233.0,3.69,0.0693942959273848,1538258431.789684,39838.39712234384,10000,9959.59928058596,20000,42
DivergenceMigration1,233.0,3.76,0.06782664015950508,1586102353.6937816,40333.02455634915,10000,10083.256139087287,20000,42
DivergenceMigration1,233.0,3.83,0.0856739997991448,1590606958.206482,40174.77422715023,10000,10043.693556787557,20000,42
DivergenceMigration1,233.0,3.9,0.11812391532016343,1596864909.3232281,40522.834749941656,10000,10130.708687485414,20000,42
DivergenceMigration1,233.0,3.97,0.12182380914944885,1657344844.3907957,40784.46818041583,10000,10196.117045103958,20000,42
DivergenceMigration1,233.0,4.03,0.1420212805978172,1584214993.9701467,40236.84192983883,10000,10059.210482459708,20000,42
DivergenceMigration1,233.0,4.1,0.1687398761372521,1563498924.9781327,39999.905131442996,10000,9999.976282860749,20000,42
DivergenceMigration1,233.0,4.17,0.19499772421861097,1598788406.423238,40093.00731046289,10000,10023.251827615723,20000,42
DivergenceMigration1,233.0,4.24,0.23243836829710704,1642480114.2060773,40952.32738013997,10000,10238.081845034993,20000,42
DivergenceMigration1,233.0,4.31,0.2485611955126581,1648583835.2823198,40618.84750969092,10000,10154.71187742273,20000,42
DivergenceMigration1,233.0,4.38,0.28066101988823,1588312391.3730788,40280.40017322981,10000,10070.100043307453,20000,42
DivergenceMigration1,233.0,4.45,0.33681787804042984,1601604755.443397,40093.80562068606,10000,10023.451405171514,20000,42
DivergenceMigration1,233.0,4.52,0.3642450361061441,1590406196.4910164,40102.51850856489,10000,10025.629627141223,20000,42
DivergenceMigration1,233.0,4.59,0.4157618896857854,1586546408.4000642,39793.723278872305,10000,9948.430819718076,20000,42
DivergenceMigration1,233.0,4.66,0.4230232591363249,1605937625.5163524,40035.406811256704,10000,10008.851702814176,20000,42
DivergenceMigration1,233.0,4.72,0.4842876850746548,1572625975.595503,40323.718359175924,10000,10080.929589793981,20000,42
DivergenceMigration1,233.0,4.79,0.5421334139901941,1601763595.668203,39961.38026158721,10000,9990.345065396803,20000,42
DivergenceMigration1,233.0,4.86,0.575978804998442,1575882201.906943,40118.9114736436,10000,10029.7278684109,20000,42
DivergenceMigration1,233.0,4.93,0.609276585019801,1554689134.2780104,39903.04441419423,10000,9975.761103548557,20000,42
DivergenceMigration1,233.0,5.0,0.6309689840709557,1573503919.7858515,40025.24793404756,10000,10006.31198351189,20000,42
DivergenceMigration1,1500.0,3.0,-0.00031263063073167516,1568148746.4693563,41089.952877545285,10000,10272.488219386321,20000,42
DivergenceMigration1,1500.0,3.07,-0.007968266698555526,1594214246.8969615,41452.80795905192,10000,10363.20198976298,20000,42
DivergenceMigration1,1500.0,3.14,-0.007945533158466623,1609647604.2683742,41873.65451106236,10000,10468.41362776559,20000,42
DivergenceMigration1,1500.0,3.21,0.007748850040661644,1587946010.5580752,41413.55362747172,10000,10353.38840686793,20000,42
DivergenceMigration1,1500.0,3.28,0.009271044138988254,1605648776.740773,41864.41121021235,10000,10466.102802553087,20000,42
DivergenceMigration1,1500.0,3.34,0.0291779599824923,1649621148.6815257,41886.299189582125,10000,10471.574797395531,20000,42
DivergenceMigration1,1500.0,3.41,0.0076771979477293145,1650716652.1646636,41897.227123517274,10000,10474.306780879318,20000,42
DivergenceMigration1,1500.0,3.48,0.011304276020378265,1578051308.1811037,41556.13699123693,10000,10389.034247809232,20000,42
DivergenceMigration1,1500.0,3.55,0.023854472260875885,1678994711.551342,42363.18259819206,10000,10590.795649548016,20000,42
DivergenceMigration1,1500.0,3.62,0.024939631211629103,1613850678.9616215,41668.48093518248,10000,10417.12023379562,20000,42
DivergenceMigration1,1500.0,3.69,0.047854154934030585,1622367823.3354511,41794.505249663125,10000,10448.626312415781,20000,42
DivergenceMigration1,1500.0,3.76,0.06108259100864674,1570245868.1654253,41168.52664718672,10000,10292.13166179668,20000,42
DivergenceMigration1,1500.0,3.83,0.06429281405383692,1622235260.664058,42004.32964078319,10000,10501.082410195797,20000,42
DivergenceMigration1,1500.0,3.9,0.08546444007626558,1584477697.7919827,41276.45172720588,10000,10319.11293180147,20000,42
DivergenceMigration1,1500.0,3.97,0.10222242031540016,1592839878.1190755,41673.64761966894,10000,10418.411904917235,20000,42
DivergenceMigration1,1500.0,4.03,0.12140351936836606,1584247959.8699918,41486.21175059559,10000,10371.552937648898,20000,42
DivergenceMigration1,1500.0,4.1,0.14025650731602562,1555353577.5249991,41364.81794852667,10000,10341.204487131667,20000,42
DivergenceMigration1,1500.0,4.17,0.17635332324069844,1608567654.460384,41607.796447584304,10000,10401.949111896076,20000,42
DivergenceMigration1,1500.0,4.24,0.2093332331974071,1594180844.3713646,41044.5557768247,10000,10261.138944206175,20000,42
DivergenceMigration1,1500.0,4.31,0.23266448565636558,1617671782.3434272,41868.929163193236,10000,10467.232290798309,20000,42
DivergenceMigration1,1500.0,4.38,0.27584810195233406,1614954370.104188,42153.480046783865,10000,10538.370011695966,20000,42
DivergenceMigration1,1500.0,4.45,0.3018552077797352,1607798647.8408952,41487.07688201717,10000,10371.769220504293,20000,42
DivergenceMigration1,1500.0,4.52,0.35267414083005716,1518651621.1288638,40529.61682476041,10000,10132.404206190102,20000,42
DivergenceMigration1,1500.0,4.59,0.3908136677751931,1567175164.0137355,41458.14523328239,10000,10364.536308320598,20000,42
DivergenceMigration1,1500.0,4.66,0.43012932695728556,1584226949.4155846,41461.736865373095,10000,10365.434216343274,20000,42
DivergenceMigration1,1500.0,4.72,0.47657119484525523,1577097911.9914453,40906.29399251399,10000,10226.573498128497,20000,42
DivergenceMigration1,1500.0,4.79,0.521216195919483,1581627661.131007,41356.23677937129,10000,10339.059194842823,20000,42
DivergenceMigration1,1500.0,4.86,0.5622969986596922,1580789095.3585005,41243.2891127889,10000,10310.822278197225,20000,42
DivergenceMigration1,1500.0,4.93,0.5929763707650688,1513650406.8357406,41282.91088362515,10000,10320.727720906287,20000,42
DivergenceMigration1,1500.0,5.0,0.6243970716956876,1587040930.3381438,41491.80522245071,10000,10372.951305612678,20000,42
DivergenceMigration2,0.0,3.0,0.014455991186003282,1649608495.547389,40339.373112057896,10000,10084.843278014474,20000,42
DivergenceMigration2,0.0,3.07,0.015195487971841845,1595635321.6270046,39526.937666272905,10000,9881.734416568226,20000,42
DivergenceMigration2,0.0,3.14,0.013749331483075423,1568238629.96228,40044.63897559627,10000,10011.159743899067,20000,42
DivergenceMigration2,0.0,3.21,0.014858841578797688,1565234205.4741573,39606.56325785098,10000,9901.640814462746,20000,42
DivergenceMigration2,0.0,3.28,0.01471276655175496,1598976691.7647545,40189.69849514607,10000,10047.424623786517,20000,42
DivergenceMigration2,0.0,3.34,0.03275026889277863,1603752723.0491962,40153.68518152093,10000,10038.421295380233,20000,42
DivergenceMigration2,0.0,3.41,0.031083638483561223,1647590947.245083,40475.05820433433,10000,10118.764551083583,20000,42
DivergenceMigration2,0.0,3.48,0.04424103276770975,1509127846.8466215,39206.867259850165,10000,9801.716814962541,20000,42
DivergenceMigration2,0.0,3.55,0.05492562044450194,1571141348.2992017,39973.31886435386,10000,9993.329716088465,20000,42
DivergenceMigration2,0.0,3.62,0.06484912584770446,1580872533.3691943,40000.13003631748,10000,10000.03250907937,20000,42
DivergenceMigration2,0.0,3.69,0.07007446310255597,1618554603.6957712,40250.37529108291,10000,10062.593822770728,20000,42
DivergenceMigration2,0.0,3.76,0.061839540232432204,1554592669.7220488,39849.75421283289,10000,9962.438553208223,20000,42
DivergenceMigration2,0.0,3.83,0.08462336170800744,1581237002.214251,39658.4602693302,10000,9914.61506733255,20000,42
DivergenceMigration2,0.0,3.9,0.1181137818759223,1538521079.4260821,39541.19693345765,10000,9885.299233364412,20000,42
DivergenceMigration2,0.0,3.97,0.1261258672260747,1605701029.9556413,40000.984891108645,10000,10000.246222777161,20000,42
DivergenceMigration2,0.0,4.03,0.14043675920420287,1618088235.047394,40217.191599880025,10000,10054.297899970006,20000,42
DivergenceMigration2,0.0,4.1,0.1770245952392223,1556631795.6451488,39624.861729175136,10000,9906.215432293784,20000,42
DivergenceMigration2,0.0,4.17,0.2034741095392867,1578744399.4975863,40183.50559623468,10000,10045.87639905867,20000,42
DivergenceMigration2,0.0,4.24,0.23064591764548437,1604894566.7310367,40117.58470753716,10000,10029.39617688429,20000,42
DivergenceMigration2,0.0,4.31,0.2713254436936453,1657311020.7248607,40174.530123291224,10000,10043.632530822806,20000,42
DivergenceMigration2,0.0,4.38,0.2938777818680254,1630784753.8261142,40597.04040209621,10000,10149.260100524052,20000,42
DivergenceMigration2,0.0,4.45,0.33240702164130453,1628542776.990575,40259.86506587749,10000,10064.966266469373,20000,42
DivergenceMigration2,0.0,4.52,0.36241462207770875,1571486336.8550384,39985.92172631194,10000,9996.480431577986,20000,42
DivergenceMigration2,0.0,4.59,0.39073841474669635,1595275170.701968,40203.785195599376,10000,10050.946298899844,20000,42
DivergenceMigration2,0.0,4.66,0.4519395876315464,1638162054.6905067,40231.71185097501,10000,10057.927962743752,20000,42
DivergenceMigration2,0.0,4.72,0.48486663588029844,1630773957.721276,40307.092194590085,10000,10076.773048647521,20000,42
DivergenceMigration2,0.0,4.79,0.5215596508968365,1624391730.6585355,39887.39508102881,10000,9971.848770257202,20000,42
DivergenceMigration2,0.0,4.86,0.5838778592729867,1597421722.266106,39977.68453911648,10000,9994.42113477912,20000,42
DivergenceMigration2,0.0,4.93,0.6101128092940424,1662360257.3705719,40542.51891082212,10000,10135.62972770553,20000,42
DivergenceMigration2,0.0,5.0,0.6404456536401395,1545517633.327865,39926.32647755708,10000,9981.58161938927,20000,42
DivergenceMigration2,233.0,3.0,0.02044414490430233,1600474625.2319164,40353.35733781411,10000,10088.339334453527,20000,42
DivergenceMigration2,233.0,3.07,0.01544449029576564,1627843543.5626957,40203.3600371257,10000,10050.840009281424,20000,42
DivergenceMigration2,233.0,3.14,0.0062057021526094585,1561316619.3838222,40351.77571467153,10000,10087.943928667883,20000,42
DivergenceMigration2,233.0,3.21,0.02291376112027664,1569559791.0364182,39919.60527108668,10000,9979.90131777167,20000,42
DivergenceMigration2,233.0,3.28,0.029921850863056695,1614539794.2757442,40252.589415761846,10000,10063.147353940461,20000,42
DivergenceMigration2,233.0,3.34,0.02638435555618693,1584733806.9600694,40024.727780829984,10000,10006.181945207496,20000,42
DivergenceMigration2,233.0,3.41,0.02859349931690661,1603552801.15124,40388.308363589815,10000,10097.077090897454,20000,42
DivergenceMigration2,233.0,3.48,0.0340356149452121,1573040806.7631285,40309.78231996546,10000,10077.445579991365,20000,42
DivergenceMigration2,233.0,3.55,0.047741574613945716,1556138153.2660227,39890.494215868064,10000,9972.623553967016,20000,42
DivergenceMigration2,233.0,3.62,0.05338297739498669,1583797880.7236946,39683.698175177415,10000,9920.924543794354,20000,42
DivergenceMigration2,233.0,3.69,0.06776178437707822,1556575368.904148,40216.92800911906,10000,10054.232002279765,20000,42
DivergenceMigration2,233.0,3.76,0.06771142428628521,1615471353.0833502,40803.73452362044,10000,10200.93363090511,20000,42
DivergenceMigration2,233.0,3.83,0.09267036009501868,1628752330.4228861,40354.84989530659,10000,10088.712473826647,20000,42
DivergenceMigration2,233.0,3.9,0.09476042505951088,1608574281.9097586,40120.735696278636,10000,10030.183924069659,20000,42
DivergenceMigration2,233.0,3.97,0.12985413130521203,1609413615.843554,40157.17568221295,10000,10039.293920553237,20000,42
DivergenceMigration2,233.0,4.03,0.1476260625223224,1564101796.4270205,40258.23666838308,10000,10064.55916709577,20000,42
DivergenceMigration2,233.0,4.1,0.16405861667582886,1596339719.2539492,40324.14836069,10000,10081.0370901725,20000,42
DivergenceMigration2,233.0,4.17,0.18187207689380075,1596779476.532495,39982.794054966784,10000,9995.698513741696,20000,42
DivergenceMigration2,233.0,4.24,0.22307700466802502,1572229361.8345504,39949.823654458094,10000,9987.455913614524,20000,42
DivergenceMigration2,233.0,4.31,0.252496222440402,1638305709.1051822,40280.0498533917,10000,10070.012463347924,20000,42
DivergenceMigration2,233.0,4.38,0.27261207674850974,1601774069.220472,40414.788793226144,10000,10103.697198306536,20000,42
DivergenceMigration2,233.0,4.45,0.32318783388400474,1624546525.4884567,40659.60991404241,10000,10164.902478510603,20000,42
DivergenceMigration2,233.0,4.52,0.3787389620379717,1555508471.261597,40317.623325200686,10000,10079.405831300171,20000,42
DivergenceMigration2,233.0,4.59,0.4137130427219502,1560827745.9787612,40155.94321966414,10000,10038.985804916036,20000,42
DivergenceMigration2,233.0,4.66,0.4438802852951026,1658401655.3934064,40728.863589952096,10000,10182.215897488024,20000,42
DivergenceMigration2,233.0,4.72,0.4802449457569256,1599669195.6524615,40546.52007548752,10000,10136.63001887188,20000,42
DivergenceMigration2,233.0,4.79,0.5274508875123556,1619276363.8844485,40250.56864106947,10000,10062.642160267367,20000,42
DivergenceMigration2,233.0,4.86,0.5690955542450689,1588302673.9398136,40440.069575689435,10000,10110.017393922359,20000,42
DivergenceMigration2,233.0,4.93,0.6068563705921073,1637054007.1150262,40708.44567471545,10000,10177.111418678862,20000,42
DivergenceMigration2,233.0,5.0,0.6389157546003603,1637814952.468734,40521.80831504496,10000,10130.45207876124,20000,42
DivergenceMigration2,1500.0,3.0,-0.002524568237701235,1619452764.2660127,41066.00691875998,10000,10266.501729689995,20000,42
DivergenceMigration2,1500.0,3.07,0.012942960091961702,1588002469.5460782,41919.176780511465,10000,10479.794195127866,20000,42
DivergenceMigration2,1500.0,3.14,0.0020852298343866614,1597868406.3246708,41668.31810078132,10000,10417.07952519533,20000,42
DivergenceMigration2,1500.0,3.21,0.0015121675635955984,1631249679.298789,41885.92723782956,10000,10471.48180945739,20000,42
DivergenceMigration2,1500.0,3.28,0.006795074513522658,1572505358.7575188,41551.4125824453,10000,10387.853145611325,20000,42
DivergenceMigration2,1500.0,3.34,0.005106376007713442,1565998847.7595696,41373.07164603601,10000,10343.267911509003,20000,42
DivergenceMigration2,1500.0,3.41,0.015497661959169538,1587613481.7884946,41545.936526733996,10000,10386.484131683499,20000,42
DivergenceMigration2,1500.0,3.48,0.02257711059419077,1641251940.2517443,42113.45799230152,10000,10528.36449807538,20000,42
DivergenceMigration2,1500.0,3.55,0.020664364778832843,1529494435.770716,40954.21981180788,10000,10238.55495295197,20000,42
DivergenceMigration2,1500.0,3.62,0.027464136886727483,1601084854.2019317,41386.83973524107,10000,10346.709933810267,20000,42
DivergenceMigration2,1500.0,3.69,0.0408896627690926,1636327940.8652973,41687.19319245831,10000,10421.798298114578,20000,42
DivergenceMigration2,1500.0,3.76,0.0588089767692212,1583596812.5750067,41345.5768697133,10000,10336.394217428326,20000,42
DivergenceMigration2,1500.0,3.83,0.08307916980587458,1632133768.4805803,41854.9485284954,10000,10463.73713212385,20000,42
DivergenceMigration2,1500.0,3.9,0.07437251726633787,1611013637.0440085,41656.89099155137,10000,10414.222747887843,20000,42
DivergenceMigration2,1500.0,3.97,0.09283095952004553,1558674659.9796088,41223.936063115805,10000,10305.984015778951,20000,42
DivergenceMigration2,1500.0,4.03,0.1306345535978292,1611964238.6172922,41667.505423225346,10000,10416.876355806337,20000,42
DivergenceMigration2,1500.0,4.1,0.1385822422194723,1571561549.8082182,41266.331033800234,10000,10316.582758450058,20000,42
DivergenceMigration2,1500.0,4.17,0.1626580168864855,1586544568.3973558,41243.572418158044,10000,10310.893104539511,20000,42
DivergenceMigration2,1500.0,4.24,0.20244434235583708,1583369405.554251,41718.966914568045,10000,10429.741728642011,20000,42
DivergenceMigration2,1500.0,4.31,0.242164618823946,1555341231.1906824,41337.1445660814,10000,10334.28614152035,20000,42
DivergenceMigration2,1500.0,4.38,0.264539692235648,1627098234.3357546,41675.02811921009,10000,10418.757029802522,20000,42
DivergenceMigration2,1500.0,4.45,0.3137694236878661,1610199401.3752606,41541.07814024669,10000,10385.269535061672,20000,42
DivergenceMigration2,1500.0,4.52,0.35393609107065216,1588657944.6075299,41634.68180430874,10000,10408.670451077185,20000,42
DivergenceMigration2,1500.0,4.59,0.3889637943202361,1577406382.2224534,41505.26177584453,10000,10376.315443961132,20000,42
DivergenceMigration2,1500.0,4.66,0.41941573555508305,1644978836.1721694,41925.36044316505,10000,10481.340110791263,20000,42
DivergenceMigration2,1500.0,4.72,0.46603973619778893,1702533727.6736202,41977.64776833307,10000,10494.411942083267,20000,42
DivergenceMigration2,1500.0,4.79,0.5144653864947548,1620403843.742703,41674.67880790048,10000,10418.66970197512,20000,42
DivergenceMigration2,1500.0,4.86,0.5546822702319851,1610790711.0667372,41628.22563794843,10000,10407.056409487108,20000,42
DivergenceMigration2,1500.0,4.93,0.6000935639087182,1577710154.0257545,41318.15861931824,10000,10329.53965482956,20000,42
DivergenceMigration2,1500.0,5.0,0.6541073302172217,1593291929.585546,41445.0134248582,10000,10361.25335621455,20000,42
DivergenceMigration3,0.0,3.0,0.005437723466731068,6225314214.66982,78472.56367009901,10000,19618.140917524754,20000,42
DivergenceMigration3,0.0,3.07,-0.004388146752518935,6868436390.277296,80567.86848688102,10000,20141.967121720256,20000,42
DivergenceMigration3,0.0,3.14,0.00279115084293017,6430165177.938356,79909.99045247199,10000,19977.497613117997,20000,42
DivergenceMigration3,0.0,3.21,0.014156221574673621,6453224502.613063,80584.43873769291,10000,20146.109684423227,20000,42
DivergenceMigration3,0.0,3.28,0.008861580231238501,6391113078.183273,79363.81180737073,10000,19840.952951842683,20000,42
DivergenceMigration3,0.0,3.34,0.011124555430854789,6639433523.830202,80236.76202663498,10000,20059.190506658746,20000,42
DivergenceMigration3,0.0,3.41,0.031418539722870446,6431658739.582173,79477.19372149731,10000,19869.29843037433,20000,42
DivergenceMigration3,0.0,3.48,0.01105996677562878,6388728223.204748,80165.09616334445,10000,20041.274040836113,20000,42
DivergenceMigration3,0.0,3.55,0.025198578860346592,6510335359.430863,79864.97015278201,10000,19966.242538195504,20000,42
DivergenceMigration3,0.0,3.62,0.02522384645773433,6525741392.554845,79722.07967728222,10000,19930.519919320555,20000,42
DivergenceMigration3,0.0,3.69,0.036012935692110316,6250870646.0333185,79804.31725165308,10000,19951.07931291327,20000,42
DivergenceMigration3,0.0,3.76,0.05052459207676463,6528430609.17118,81113.09870853832,10000,20278.27467713458,20000,42
DivergenceMigration3,0.0,3.83,0.05899016579890405,6653753808.297219,80489.08706753945,10000,20122.271766884864,20000,42
DivergenceMigration3,0.0,3.9,0.05241173369463461,6425575112.462613,79988.92935226929,10000,19997.232338067322,20000,42
DivergenceMigration3,0.0,3.97,0.07386213786637189,6328530364.244343,79462.26298690349,10000,19865.56574672587,20000,42
DivergenceMigration3,0.0,4.03,0.07808445839387347,6130410842.895765,78591.88580041248,10000,19647.97145010312,20000,42
DivergenceMigration3,0.0,4.1,0.08594563275129785,6521291785.685153,80168.24695763721,10000,20042.061739409302,20000,42
DivergenceMigration3,0.0,4.17,0.10829402644492131,6599143428.537164,80773.02292822034,10000,20193.255732055084,20000,42
DivergenceMigration3,0.0,4.24,0.1239612286992143,6530050054.253895,80322.6082031805,10000,20080.652050795125,20000,42
DivergenceMigration3,0.0,4.31,0.15431097877873423,6524910871.859886,80326.94158870295,10000,20081.735397175737,20000,42
DivergenceMigration3,0.0,4.38,0.17485871738441533,6356095577.802002,79953.58485718875,10000,19988.396214297187,20000,42
DivergenceMigration3,0.0,4.45,0.1951399291257795,6518795830.180144,80043.72812454375,10000,20010.932031135937,20000,42
DivergenceMigration3,0.0,4.52,0.22727507413944187,6624599777.14436,80487.47154142288,10000,20121.86788535572,20000,42
DivergenceMigration3,0.0,4.59,0.25858689353114295,6388349225.249197,79524.37566210442,10000,19881.093915526104,20000,42
DivergenceMigration3,0.0,4.66,0.29818222923790605,6605485742.436795,80304.5161627242,10000,20076.12904068105,20000,42
DivergenceMigration3,0.0,4.72,0.32372460410245835,6729140553.669913,80485.67974906313,10000,20121.419937265782,20000,42
DivergenceMigration3,0.0,4.79,0.3768993500361445,6418855827.85243,78823.54716739587,10000,19705.886791848967,20000,42
DivergenceMigration3,0.0,4.86,0.3969663561820387,6273056404.898369,79677.55873920924,10000,19919.38968480231,20000,42
DivergenceMigration3,0.0,4.93,0.4408720466849778,6364711300.447417,80113.80342102885,10000,20028.45085525721,20000,42
DivergenceMigration3,0.0,5.0,0.4750666167757594,6522342848.345019,80159.73045135941,10000,20039.932612839853,20000,42
DivergenceMigration3,233.0,3.0,-0.00020753794835180143,6641597175.513092,80198.90400445928,10000,20049.72600111482,20000,42
DivergenceMigration3,233.0,3.07,0.007515933781003312,6314109117.551917,80682.21628375925,10000,20170.554070939812,20000,42
DivergenceMigration3,233.0,3.14,0.01948039066056364,6487638568.926105,79983.37951008804,10000,19995.84487752201,20000,42
DivergenceMigration3,233.0,3.21,0.0006039557849636817,6459770178.298448,80299.95204352752,10000,20074.98801088188,20000,42
DivergenceMigration3,233.0,3.28,0.009461730467452346,6397377584.405657,80476.46294048091,10000,20119.115735120227,20000,42
DivergenceMigration3,233.0,3.34,0.01147750657538575,6476073388.235699,79300.67768528755,10000,19825.169421321887,20000,42
DivergenceMigration3,233.0,3.41,0.020703732554955903,6338107579.934755,80032.07360603116,10000,20008.01840150779,20000,42
DivergenceMigration3,233.0,3.48,0.025235398974476367,6318822785.9380045,79916.06894221477,10000,19979.017235553692,20000,42
DivergenceMigration3,233.0,3.55,0.023996040211145365,6631041914.22869,80949.42222142381,10000,20237.355555355953,20000,42
DivergenceMigration3,233.0,3.62,0.03164887348393444,6430098398.30814,79760.8705752054,10000,19940.21764380135,20000,42
DivergenceMigration3,233.0,3.69,0.026173008977176407,6478647258.428311,80318.44285358902,10000,20079.610713397255,20000,42
DivergenceMigration3,233.0,3.76,0.05245882068816776,6465368808.921681,80060.10119408109,10000,20015.02529852027,20000,42
DivergenceMigration3,233.0,3.83,0.053532184184425936,6673904286.383499,80840.1005248991,10000,20210.025131224775,20000,42
DivergenceMigration3,233.0,3.9,0.06863011969891335,6536199909.844937,80699.79369489285,10000,20174.948423723214,20000,42
DivergenceMigration3,233.0,3.97,0.07648768359091082,6580274024.010406,80737.11712391274,10000,20184.279280978186,20000,42
DivergenceMigration3,233.0,4.03,0.0752306485939625,6285753206.111291,79473.3384923052,10000,19868.3346230763,20000,42
DivergenceMigration3,233.0,4.1,0.0867324940335187,6511866276.687174,80167.18099838962,10000,20041.795249597406,20000,42
DivergenceMigration3,233.0,4.17,0.09713689355286269,6327995674.65288,80013.60211711546,10000,20003.400529278864,20000,42
DivergenceMigration3,233.0,4.24,0.12297239527990414,6638028564.528139,80604.41398063747,10000,20151.10349515937,20000,42
DivergenceMigration3,233.0,4.31,0.13435856393194978,6410190850.629,79828.88744429892,10000,19957.22186107473,20000,42
DivergenceMigration3,233.0,4.38,0.16085554138221347,6658634016.329824,80391.25573717263,10000,20097.813934293157,20000,42
DivergenceMigration3,233.0,4.45,0.21232851754418558,6506604764.474543,80502.12653558103,10000,20125.531633895258,20000,42
DivergenceMigration3,233.0,4.52,0.21521474658038284,6437587599.615337,79794.7537903348,10000,19948.6884475837,20000,42
DivergenceMigration3,233.0,4.59,0.25005570656302945,6620240534.871141,80344.94502011519,10000,20086.236255028798,20000,42
DivergenceMigration3,233.0,4.66,0.27796001958209104,6594607849.684951,80453.49460851907,10000,20113.37365212977,20000,42
DivergenceMigration3,233.0,4.72,0.30737315983620056,6238899181.669507,78758.02933521755,10000,19689.507333804388,20000,42
DivergenceMigration3,233.0,4.79,0.3508872275392843,6527676814.563452,80260.0229047951,10000,20065.005726198775,20000,42
DivergenceMigration3,233.0,4.86,0.39756007378902625,6529481509.346646,80171.79340094115,10000,20042.94835023529,20000,42
DivergenceMigration3,233.0,4.93,0.4280759262668029,6811501338.002031,81508.29138229816,10000,20377.07284557454,20000,42
DivergenceMigration3,233.0,5.0,0.47958998611813697,6490286950.622702,80822.43818062055,10000,20205.609545155137,20000,42
DivergenceMigration3,1500.0,3.0,-0.010146547914662228,6398806762.938164,81486.93146295816,10000,20371.73286573954,20000,42
DivergenceMigration3,1500.0,3.07,-0.00413920433642369,6425719841.876293,82161.1423739491,10000,20540.285593487275,20000,42
DivergenceMigration3,1500.0,3.14,0.00614934635939564,6542771391.150589,81653.83507711266,10000,20413.458769278164,20000,42
DivergenceMigration3,1500.0,3.21,0.0071044482979398735,6430315323.169515,81276.69170942552,10000,20319.17292735638,20000,42
DivergenceMigration3,1500.0,3.28,0.011230856199003061,6340542860.335585,80739.14257515341,10000,20184.785643788353,20000,42
DivergenceMigration3,1500.0,3.34,-0.007840418578270282,6489420780.303881,81733.83145605476,10000,20433.45786401369,20000,42
DivergenceMigration3,1500.0,3.41,0.0015414595194725403,6306157153.007505,80536.58467801742,10000,20134.146169504354,20000,42
DivergenceMigration3,1500.0,3.48,0.010004353145708843,6653408466.968729,82365.22020638011,10000,20591.305051595027,20000,42
DivergenceMigration3,1500.0,3.55,0.018475711875855443,6521081048.43666,81561.95138209919,10000,20390.487845524796,20000,42
DivergenceMigration3,1500.0,3.62,0.022614865744836038,6482161990.652098,81439.310417369,10000,20359.82760434225,20000,42
DivergenceMigration3,1500.0,3.69,0.024303416186717754,6391434400.872254,81460.64389481246,10000,20365.160973703114,20000,42
DivergenceMigration3,1500.0,3.76,0.024085719081063064,6680588711.024825,82335.59928827583,10000,20583.899822068957,20000,42
DivergenceMigration3,1500.0,3.83,0.019699807747806077,6353939016.888068,81030.39346044237,10000,20257.598365110593,20000,42
DivergenceMigration3,1500.0,3.9,0.050282349328004114,6535144830.502382,82205.5523597285,10000,20551.388089932127,20000,42
DivergenceMigration3,1500.0,3.97,0.0527747674110174,6463444373.492516,81492.31305316981,10000,20373.078263292453,20000,42
DivergenceMigration3,1500.0,4.03,0.056685762984906796,6695385086.484774,81669.34644159948,10000,20417.33661039987,20000,42
DivergenceMigration3,1500.0,4.1,0.08996826147524976,6495300722.960394,81747.77763444338,10000,20436.944408610845,20000,42
DivergenceMigration3,1500.0,4.17,0.08951803288333107,6475150809.006508,81178.84468211356,10000,20294.71117052839,20000,42
DivergenceMigration3,1500.0,4.24,0.1192336886371476,6429951120.416468,81598.02628856288,10000,20399.50657214072,20000,42
DivergenceMigration3,1500.0,4.31,0.13105229348224554,6415884906.842366,81015.93989079796,10000,20253.98497269949,20000,42
DivergenceMigration3,1500.0,4.38,0.1592146776279761,6576020872.26613,81650.33994941632,10000,20412.58498735408,20000,42
DivergenceMigration3,1500.0,4.45,0.1834438174828058,6367779702.681605,80884.74474747,10000,20221.1861868675,20000,42
DivergenceMigration3,1500.0,4.52,0.22150090679918982,6506630882.596885,82002.90695583979,10000,20500.726738959947,20000,42
DivergenceMigration3,1500.0,4.59,0.23403697423503406,6812101761.795883,82862.02687035299,10000,20715.506717588247,20000,42
DivergenceMigration3,1500.0,4.66,0.260833996719845,6504411904.67344,81848.92966846452,10000,20462.23241711613,20000,42
DivergenceMigration3,1500.0,4.72,0.30847469024904706,6776229872.777816,82254.25888141227,10000,20563.564720353068,20000,42
DivergenceMigration3,1500.0,4.79,0.3482819220026322,6409972716.100462,80596.1566397239,10000,20149.039159930973,20000,42
DivergenceMigration3,1500.0,4.86,0.38774366191498105,6308525044.799102,81687.60679930255,10000,20421.901699825637,20000,42
DivergenceMigration3,1500.0,4.93,0.41968695826855645,6653864984.115288,82235.99628601494,10000,20558.999071503735,20000,42
DivergenceMigration3,1500.0,5.0,0.4682688936131615,6481707700.0922575,81034.06694219289,10000,20258.516735548223,20000,42
DivergenceMigration4,0.0,3.0,-0.0034646312524734386,6435889821.319032,80361.89304734359,10000,20090.473261835898,20000,42
DivergenceMigration4,0.0,3.07,0.0007514990222338305,6216594154.710335,79516.16051471667,10000,19879.040128679168,20000,42
DivergenceMigration4,0.0,3.14,0.017105987959394484,6515043600.263087,79932.73048728121,10000,19983.182621820302,20000,42
DivergenceMigration4,0.0,3.21,0.010693302618503216,6288467313.213418,80045.78391747767,10000,20011.44597936942,20000,42
DivergenceMigration4,0.0,3.28,0.026103736500951408,6215513748.047864,80121.21925840952,10000,20030.30481460238,20000,42
DivergenceMigration4,0.0,3.34,0.019779194165697338,6231896506.496499,79446.53419595172,10000,19861.63354898793,20000,42
DivergenceMigration4,0.0,3.41,0.018875246301935884,6470397462.788228,80112.19689363851,10000,20028.049223409627,20000,42
DivergenceMigration4,0.0,3.48,0.010030156144087378,6608873946.76232,81349.51566402591,10000,20337.378916006477,20000,42
DivergenceMigration4,0.0,3.55,0.022292455029839023,6272849921.848567,79710.50067476487,10000,19927.62516869122,20000,42
DivergenceMigration4,0.0,3.62,0.031991094680273405,6349651843.053579,79669.8169979563,10000,19917.454249489074,20000,42
DivergenceMigration4,0.0,3.69,0.027326996606602174,6412871735.7556715,79958.48037157785,10000,19989.620092894464,20000,42
DivergenceMigration4,0.0,3.76,0.03841924607760836,6260941316.731305,79704.07831133444,10000,19926.01957783361,20000,42
DivergenceMigration4,0.0,3.83,0.04696781644131637,6516509816.426026,80065.48507744593,10000,20016.371269361483,20000,42
DivergenceMigration4,0.0,3.9,0.05646791062347587,6554543726.138316,80446.10515506666,10000,20111.526288766665,20000,42
DivergenceMigration4,0.0,3.97,0.05987667144442139,6589146986.174742,80701.15319638867,10000,20175.288299097167,20000,42
DivergenceMigration4,0.0,4.03,0.07278730922744994,6379762738.488477,79986.28426111826,10000,19996.571065279564,20000,42
DivergenceMigration4,0.0,4.1,0.08856714537746233,6247355080.097878,79824.22727008037,10000,19956.056817520093,20000,42
DivergenceMigration4,0.0,4.17,0.09984269696615036,6436682062.467017,79584.18508878829,10000,19896.046272197073,20000,42
DivergenceMigration4,0.0,4.24,0.12110656376425603,6551418520.251381,80900.62262284284,10000,20225.15565571071,20000,42
DivergenceMigration4,0.0,4.31,0.1480698456451176,6499742613.160681,80064.01223191494,10000,20016.003057978734,20000,42
DivergenceMigration4,0.0,4.38,0.17407705528486453,6398220740.309143,80308.06809204367,10000,20077.017023010918,20000,42
DivergenceMigration4,0.0,4.45,0.19429955919183212,6417863192.902439,79749.30055695439,10000,19937.325139238597,20000,42
DivergenceMigration4,0.0,4.52,0.22530082995846684,6394024166.673892,80210.14294659322,10000,20052.535736648304,20000,42
DivergenceMigration4,0.0,4.59,0.24216275398166398,6587394776.163859,80121.43540067605,10000,20030.358850169014,20000,42
DivergenceMigration4,0.0,4.66,0.28940213695596373,6337950908.856482,79960.47689966716,10000,19990.11922491679,20000,42
DivergenceMigration4,0.0,4.72,0.31870582282427506,6330524229.428032,80432.88396166201,10000,20108.220990415502,20000,42
DivergenceMigration4,0.0,4.79,0.36698321769246134,6500817273.893138,80543.39602441133,10000,20135.84900610283,20000,42
DivergenceMigration4,0.0,4.86,0.38554974643455425,6355188329.99628,79815.03606891219,10000,19953.759017228047,20000,42
DivergenceMigration4,0.0,4.93,0.4230172191121844,6363527321.412789,79596.6389724612,10000,19899.1597431153,20000,42
DivergenceMigration4,0.0,5.0,0.46718935539749956,6612348585.996249,80391.40391803715,10000,20097.850979509287,20000,42
DivergenceMigration4,233.0,3.0,0.002216951250447273,6371751481.501597,80600.01568130474,10000,20150.003920326184,20000,42
DivergenceMigration4,233.0,3.07,0.004657326611701021,6351602788.677161,80489.40964368884,10000,20122.35241092221,20000,42
DivergenceMigration4,233.0,3.14,0.00892784744331572,6214226857.495389,79550.3238907447,10000,19887.580972686173,20000,42
DivergenceMigration4,233.0,3.21,0.00552984627742062,6410731167.316176,80766.24888903326,10000,20191.562222258315,20000,42
DivergenceMigration4,233.0,3.28,0.013399614446686008,6361167415.198135,80238.29759920463,10000,20059.574399801157,20000,42
DivergenceMigration4,233.0,3.34,0.010989620195278615,6338354978.920384,79298.08255861099,10000,19824.520639652746,20000,42
DivergenceMigration4,233.0,3.41,0.012578917940317427,6285919750.426677,79375.74055832213,10000,19843.93513958053,20000,42
DivergenceMigration4,233.0,3.48,0.027655501403250925,6398383195.57173,80686.33124819816,10000,20171.58281204954,20000,42
DivergenceMigration4,233.0,3.55,0.023593932937568073,6698691804.768707,81214.58880245089,10000,20303.647200612722,20000,42
DivergenceMigration4,233.0,3.62,0.020453788751545115,6626759985.073605,81119.47466535837,10000,20279.868666339593,20000,42
DivergenceMigration4,233.0,3.69,0.04141829275322148,6604509629.352497,80680.2144527842,10000,20170.05361319605,20000,42
DivergenceMigration4,233.0,3.76,0.044198423182747096,6447892521.384175,80545.6554062268,10000,20136.4138515567,20000,42
DivergenceMigration4,233.0,3.83,0.04381850456775127,6465201957.037274,80949.32685806388,10000,20237.33171451597,20000,42
DivergenceMigration4,233.0,3.9,0.04690313007864947,6392461079.023493,80039.28351526133,10000,20009.82087881533,20000,42
DivergenceMigration4,233.0,3.97,0.06840083389052573,6402733450.701498,80273.56721678056,10000,20068.39180419514,20000,42
DivergenceMigration4,233.0,4.03,0.08079783040521114,6608206561.857879,81124.87781259256,10000,20281.21945314814,20000,42
DivergenceMigration4,233.0,4.1,0.08832611637375273,6368895062.552538,79742.53110484878,10000,19935.632776212195,20000,42
DivergenceMigration4,233.0,4.17,0.1033701834066468,6478160401.642553,80514.43943554885,10000,20128.609858887212,20000,42
DivergenceMigration4,233.0,4.24,0.12334063974569895,6476549591.719974,80073.03657945652,10000,20018.25914486413,20000,42
DivergenceMigration4,233.0,4.31,0.13677641324375622,6570211874.901258,80679.70429660166,10000,20169.926074150415,20000,42
DivergenceMigration4,233.0,4.38,0.159431156940776,6413491203.541148,80116.5485812168,10000,20029.1371453042,20000,42
DivergenceMigration4,233.0,4.45,0.1934001940386827,6301424421.762965,80345.29557856605,10000,20086.32389464151,20000,42
DivergenceMigration4,233.0,4.52,0.21984281689993523,6479958701.941946,79872.71897423491,10000,19968.17974355873,20000,42
DivergenceMigration4,233.0,4.59,0.24924320761016086,6136868984.930192,79599.41547323659,10000,19899.853868309146,20000,42
DivergenceMigration4,233.0,4.66,0.2764670199024431,6663500688.794513,80762.96043105378,10000,20190.740107763446,20000,42
DivergenceMigration4,233.0,4.72,0.3171143611689504,6440024863.672573,80739.1619690907,10000,20184.790492272674,20000,42
DivergenceMigration4,233.0,4.79,0.34358230195462053,6420060658.222578,80503.90911776746,10000,20125.977279441864,20000,42
DivergenceMigration4,233.0,4.86,0.3866524652828199,6610601427.492298,80576.95942709656,10000,20144.23985677414,20000,42
DivergenceMigration4,233.0,4.93,0.43175263747896414,6477865807.675518,80188.2373992952,10000,20047.0593498238,20000,42
DivergenceMigration4,233.0,5.0,0.467152468468599,6519739729.083982,81166.10503899197,10000,20291.526259747992,20000,42
DivergenceMigration4,1500.0,3.0,0.010504764265364874,6424359642.710556,81878.24960719956,10000,20469.56240179989,20000,42
DivergenceMigration4,1500.0,3.07,-0.006682963416133836,6420410506.657448,81292.22272012137,10000,20323.055680030342,20000,42
DivergenceMigration4,1500.0,3.14,0.003243176687855504,6302644012.037664,80673.5208529139,10000,20168.380213228476,20000,42
DivergenceMigration4,1500.0,3.21,-0.0005472174227354322,6505991254.284437,81803.5530002757,10000,20450.888250068925,20000,42
DivergenceMigration4,1500.0,3.28,0.005702204790438557,6218475148.843138,80897.8752061624,10000,20224.4688015406,20000,42
DivergenceMigration4,1500.0,3.34,-0.0030284387138599066,6359930077.136818,81234.921701918,10000,20308.7304254795,20000,42
DivergenceMigration4,1500.0,3.41,-0.005537819318966326,6355956865.60339,81572.76082836532,10000,20393.19020709133,20000,42
DivergenceMigration4,1500.0,3.48,0.013068446423458023,6476663495.8521185,82257.91791833019,10000,20564.479479582547,20000,42
DivergenceMigration4,1500.0,3.55,0.022076723078415628,6496653027.786213,81728.32346048376,10000,20432.08086512094,20000,42
DivergenceMigration4,1500.0,3.62,0.028867383484946708,6392863684.5095625,81222.87045332693,10000,20305.717613331733,20000,42
DivergenceMigration4,1500.0,3.69,0.020060986640606314,6302367094.550116,80873.53766135359,10000,20218.384415338398,20000,42
DivergenceMigration4,1500.0,3.76,0.027117952564608132,6335562015.988919,81568.25180787151,10000,20392.062951967877,20000,42
DivergenceMigration4,1500.0,3.83,0.0386316265632371,6697139963.532611,82495.23346632558,10000,20623.808366581394,20000,42
DivergenceMigration4,1500.0,3.9,0.03272696554157671,6460907570.023142,81769.62366306777,10000,20442.405915766944,20000,42
DivergenceMigration4,1500.0,3.97,0.045723882564407445,6463016605.363944,81376.46384711089,10000,20344.115961777723,20000,42
DivergenceMigration4,1500.0,4.03,0.05878550819863042,6329739592.549243,81222.09109761876,10000,20305.52277440469,20000,42
DivergenceMigration4,1500.0,4.1,0.08021346903658938,6627067143.2823105,82387.29744571116,10000,20596.82436142779,20000,42
DivergenceMigration4,1500.0,4.17,0.10175921138437556,6514647308.006368,81481.91185642993,10000,20370.477964107482,20000,42
DivergenceMigration4,1500.0,4.24,0.11917723780177301,6592609868.271549,82505.96894773,10000,20626.4922369325,20000,42
DivergenceMigration4,1500.0,4.31,0.13227964574091217,6426105514.439949,82174.8433887951,10000,20543.710847198774,20000,42
DivergenceMigration4,1500.0,4.38,0.14905902461403664,6355068963.640326,81135.79900614412,10000,20283.94975153603,20000,42
DivergenceMigration4,1500.0,4.45,0.18342876658716478,6222065471.098218,80550.95511554697,10000,20137.73877888674,20000,42
DivergenceMigration4,1500.0,4.52,0.211891674506136,6296695223.298347,81229.58207473453,10000,20307.395518683632,20000,42
DivergenceMigration4,1500.0,4.59,0.2383135378661908,6246743122.983461,80775.82507126429,10000,20193.956267816073,20000,42
DivergenceMigration4,1500.0,4.66,0.27193489857677355,6348408899.154559,81946.80912673811,10000,20486.702281684527,20000,42
DivergenceMigration4,1500.0,4.72,0.3092159034614451,6339866547.979613,81117.31530979232,10000,20279.32882744808,20000,42
DivergenceMigration4,1500.0,4.79,0.34504305261557755,6241399717.862756,81020.17297793092,10000,20255.04324448273,20000,42
DivergenceMigration4,1500.0,4.86,0.37694572391210823,6409305876.061173,81857.56215871983,10000,20464.390539679956,20000,42
DivergenceMigration4,1500.0,4.93,0.43346295926562883,6466933138.65635,81647.65849248217,10000,20411.91462312054,20000,42
DivergenceMigration4,1500.0,5.0,0.47335379906813213,6098705113.829692,80270.34797177857,10000,20067.58699294464,20000,42
DivergenceMigration5,0.0,3.0,0.020237105372446787,6330076733.307748,79831.16420831085,10000,19957.79105207771,20000,42
DivergenceMigration5,0.0,3.07,0.0044953016426365925,6340002902.472121,79610.2904951368,10000,19902.5726237842,20000,42
DivergenceMigration5,0.0,3.14,0.01278203243616887,6594760239.092287,80345.49683003209,10000,20086.374207508023,20000,42
DivergenceMigration5,0.0,3.21,0.01536858705496148,6408772709.128355,80646.0055239112,10000,20161.5013809778,20000,42
DivergenceMigration5,0.0,3.28,0.016000591431121584,6494201644.603692,80351.0864717798,10000,20087.77161794495,20000,42
DivergenceMigration5,0.0,3.34,0.017456818032593205,6395017428.500322,79641.86349741349,10000,19910.465874353373,20000,42
DivergenceMigration5,0.0,3.41,0.01464233571779887,6155779183.819844,78517.70245950711,10000,19629.425614876778,20000,42
DivergenceMigration5,0.0,3.48,0.015295452156334934,6539740532.196012,81171.95864740759,10000,20292.989661851898,20000,42
DivergenceMigration5,0.0,3.55,0.019568885338830812,6258505431.464061,79701.61203407572,10000,19925.40300851893,20000,42
DivergenceMigration5,0.0,3.62,0.02761224379618059,6441280445.409626,80347.58882017698,10000,20086.897205044246,20000,42
DivergenceMigration5,0.0,3.69,0.029937197060146557,6303191098.250748,79113.43182757389,10000,19778.357956893473,20000,42
DivergenceMigration5,0.0,3.76,0.041219735908265914,6308535968.640937,79215.97806955519,10000,19803.994517388797,20000,42
DivergenceMigration5,0.0,3.83,0.05051250701344359,6524697981.121716,80301.47033439972,10000,20075.36758359993,20000,42
DivergenceMigration5,0.0,3.9,0.05381419128968945,6443016573.562124,79983.08368619806,10000,19995.770921549516,20000,42
DivergenceMigration5,0.0,3.97,0.06655925868307962,6452946924.371543,80233.42148838071,10000,20058.35537209518,20000,42
DivergenceMigration5,0.0,4.03,0.07399420026394508,6084545600.754048,79443.4118551677,10000,19860.852963791924,20000,42
DivergenceMigration5,0.0,4.1,0.0898651219960929,6300174771.741362,79527.17588802798,10000,19881.793972006995,20000,42
DivergenceMigration5,0.0,4.17,0.10858394416998876,6332795790.816671,80920.39724307912,10000,20230.09931076978,20000,42
DivergenceMigration5,0.0,4.24,0.13458794372515326,6583587942.641105,80633.37640558042,10000,20158.344101395105,20000,42
DivergenceMigration5,0.0,4.31,0.14459612009859482,6323407712.618508,79900.92295972884,10000,19975.23073993221,20000,42
DivergenceMigration5,0.0,4.38,0.18021578883653194,6490661802.945123,80851.69574719532,10000,20212.92393679883,20000,42
DivergenceMigration5,0.0,4.45,0.1937950023005869,6232275971.881679,78826.54579673137,10000,19706.636449182843,20000,42
DivergenceMigration5,0.0,4.52,0.22916908855211232,6515038934.280555,80691.31192342214,10000,20172.827980855534,20000,42
DivergenceMigration5,0.0,4.59,0.24899693373594356,6519273183.033226,80198.19624771203,10000,20049.549061928006,20000,42
DivergenceMigration5,0.0,4.66,0.2831521809428481,6457425795.243001,80205.50624206215,10000,20051.37656051554,20000,42
DivergenceMigration5,0.0,4.72,0.30568369069187307,6419534227.61406,80074.09675511852,10000,20018.52418877963,20000,42
DivergenceMigration5,0.0,4.79,0.36109108812118695,6399332481.673624,79557.61067937536,10000,19889.40266984384,20000,42
DivergenceMigration5,0.0,4.86,0.3858551391988212,6541000738.25298,80535.12720630431,10000,20133.78180157608,20000,42
DivergenceMigration5,0.0,4.93,0.42422679557819987,6432966931.553545,80732.03093969662,10000,20183.007734924155,20000,42
DivergenceMigration5,0.0,5.0,0.4744305806740895,6515154175.546361,80056.66843728929,10000,20014.167109322323,20000,42
DivergenceMigration5,233.0,3.0,0.007725121447279332,6667293702.7190485,80758.14199264464,10000,20189.53549816116,20000,42
DivergenceMigration5,233.0,3.07,0.0036536305185415653,6486113301.485942,80510.04662940107,10000,20127.511657350267,20000,42
DivergenceMigration5,233.0,3.14,0.008768004331188945,6575081702.68828,80983.2095767872,10000,20245.8023941968,20000,42
DivergenceMigration5,233.0,3.21,-0.0013637231530277847,6328490494.509268,79843.14353822973,10000,19960.785884557434,20000,42
DivergenceMigration5,233.0,3.28,0.01644153698885481,6189131122.674881,80140.0169884313,10000,20035.004247107827,20000,42
DivergenceMigration5,233.0,3.34,0.022265249276282678,6293741123.784162,80065.1594447736,10000,20016.2898611934,20000,42
DivergenceMigration5,233.0,3.41,0.006997150966539398,6184811188.100326,79167.23279653466,10000,19791.808199133666,20000,42
DivergenceMigration5,233.0,3.48,0.017943159043746795,6517227025.122721,80480.90571013946,10000,20120.226427534864,20000,42
DivergenceMigration5,233.0,3.55,0.019386483848459254,6331408965.969335,79846.01962294514,10000,19961.504905736285,20000,42
DivergenceMigration5,233.0,3.62,0.032447717539772034,6279347289.270775,79853.78857274337,10000,19963.447143185844,20000,42
DivergenceMigration5,233.0,3.69,0.03905901891107792,6544074653.44422,79214.07190743116,10000,19803.51797685779,20000,42
DivergenceMigration5,233.0,3.76,0.04147466043404818,6367353907.529374,79783.88192679708,10000,19945.97048169927,20000,42
DivergenceMigration5,233.0,3.83,0.04054796367880058,6256158382.913135,79766.78189839183,10000,19941.695474597956,20000,42
DivergenceMigration5,233.0,3.9,0.058692457034978725,6325182338.056625,79586.46646896261,10000,19896.616617240652,20000,42
DivergenceMigration5,233.0,3.97,0.06119811414245402,6623449165.311568,80845.37674846774,10000,20211.344187116934,20000,42
DivergenceMigration5,233.0,4.03,0.07025239686176571,6323120294.194459,79929.66598210455,10000,19982.416495526137,20000,42
DivergenceMigration5,233.0,4.1,0.08790332751211537,6380668754.786014,80740.18526564274,10000,20185.046316410684,20000,42
DivergenceMigration5,233.0,4.17,0.10195282389967446,6295880601.124682,79594.35778237233,10000,19898.589445593083,20000,42
DivergenceMigration5,233.0,4.24,0.12373317213534761,6520741721.863077,80542.85205821364,10000,20135.71301455341,20000,42
DivergenceMigration5,233.0,4.31,0.1443729660671459,6531880145.408699,80423.77176982525,10000,20105.942942456313,20000,42
DivergenceMigration5,233.0,4.38,0.17295679005787856,6382834657.847481,79905.82390193833,10000,19976.455975484583,20000,42
DivergenceMigration5,233.0,4.45,0.1928681381113521,6355691550.244713,79460.52314253614,10000,19865.130785634035,20000,42
DivergenceMigration5,233.0,4.52,0.21147057027018684,6520246643.666897,81040.45514555386,10000,20260.113786388465,20000,42
DivergenceMigration5,233.0,4.59,0.2517755189185623,6528561671.793247,81332.78722588484,10000,20333.19680647121,20000,42
DivergenceMigration5,233.0,4.66,0.26975812583118763,6476822534.4501095,80823.23809284759,10000,20205.809523211898,20000,42
DivergenceMigration5,233.0,4.72,0.3140234826717802,6417535008.177286,79795.25641768846,10000,19948.814104422116,20000,42
DivergenceMigration5,233.0,4.79,0.3492061064582798,6498827378.523517,80024.42920004723,10000,20006.10730001181,20000,42
DivergenceMigration5,233.0,4.86,0.3891578748688782,6607998632.69439,81466.4208934968,10000,20366.6052233742,20000,42
DivergenceMigration5,233.0,4.93,0.4380196733530119,6388442733.363588,80158.07063669365,10000,20039.517659173413,20000,42
DivergenceMigration5,233.0,5.0,0.47357267200304903,6423090497.071424,79584.25942564686,10000,19896.064856411715,20000,42
DivergenceMigration5,1500.0,3.0,-0.0017341572310684656,6383649105.322367,81231.56831090033,10000,20307.892077725082,20000,42
DivergenceMigration5,1500.0,3.07,0.0045318617700312955,6362537069.893793,81012.35695226699,10000,20253.089238066746,20000,42
DivergenceMigration5,1500.0,3.14,-0.0009920190476331702,6392290792.5752535,81485.60500831727,10000,20371.40125207932,20000,42
DivergenceMigration5,1500.0,3.21,0.011095221065513212,6250593688.727483,80999.4673616831,10000,20249.866840420775,20000,42
DivergenceMigration5,1500.0,3.28,0.005152351754674071,6478685908.456748,81691.080189297,10000,20422.77004732425,20000,42
DivergenceMigration5,1500.0,3.34,0.01377999817884188,6378361091.610506,80699.56892844372,10000,20174.89223211093,20000,42
DivergenceMigration5,1500.0,3.41,0.006957260480704957,6286361556.559878,80216.90942773085,10000,20054.22735693271,20000,42
DivergenceMigration5,1500.0,3.48,0.019916942349098125,6225168687.090794,80918.54444868743,10000,20229.63611217186,20000,42
DivergenceMigration5,1500.0,3.55,0.02051895684658452,6484720646.566382,81777.79476740197,10000,20444.44869185049,20000,42
DivergenceMigration5,1500.0,3.62,0.010607503903891485,6348097914.145479,81125.77693618773,10000,20281.444234046932,20000,42
DivergenceMigration5,1500.0,3.69,0.016520922071511426,6463312490.844766,80605.83254921089,10000,20151.45813730272,20000,42
DivergenceMigration5,1500.0,3.76,0.029000100743358757,6398090315.576684,80706.08612744346,10000,20176.521531860864,20000,42
DivergenceMigration5,1500.0,3.83,0.035530445941733435,6353124495.753377,81533.12160506303,10000,20383.280401265758,20000,42
DivergenceMigration5,1500.0,3.9,0.04595119397528469,6511581216.517849,82775.62910387797,10000,20693.907275969494,20000,42
DivergenceMigration5,1500.0,3.97,0.04546118472340295,6412610074.971136,81191.13580905816,10000,20297.78395226454,20000,42
DivergenceMigration5,1500.0,4.03,0.06727142824960852,6494131627.148487,81858.69037392226,10000,20464.672593480565,20000,42
DivergenceMigration5,1500.0,4.1,0.06215563566626578,6515123548.488115,81989.54746137874,10000,20497.386865344684,20000,42
DivergenceMigration5,1500.0,4.17,0.09242558724288175,6438852115.631416,81786.07964449975,10000,20446.51991112494,20000,42
DivergenceMigration5,1500.0,4.24,0.09855696908709047,6700845686.477281,82074.8763185998,10000,20518.71907964995,20000,42
DivergenceMigration5,1500.0,4.31,0.12399043523888195,6326234254.184863,80821.65832912097,10000,20205.414582280242,20000,42
DivergenceMigration5,1500.0,4.38,0.14510809095696875,6379061899.40214,81240.94784735628,10000,20310.23696183907,20000,42
DivergenceMigration5,1500.0,4.45,0.17820403754765693,6407822270.503441,82049.47664084553,10000,20512.369160211383,20000,42
DivergenceMigration5,1500.0,4.52,0.20099464858490707,6473695517.885417,82194.39442974016,10000,20548.59860743504,20000,42
DivergenceMigration5,1500.0,4.59,0.23321048043224862,6432647967.308165,81652.62620321002,10000,20413.156550802505,20000,42
DivergenceMigration5,1500.0,4.66,0.2625521157314292,6478015754.151763,81457.43256625366,10000,20364.358141563414,20000,42
DivergenceMigration5,1500.0,4.72,0.30305399329280774,6322510952.340218,81861.82307154985,10000,20465.455767887463,20000,42
DivergenceMigration5,1500.0,4.79,0.33750214884574053,6509014716.059465,82445.23308004507,10000,20611.308270011268,20000,42
DivergenceMigration5,1500.0,4.86,0.3865970107512196,6505668225.0567045,82244.91534854,10000,20561.228837135,20000,42
DivergenceMigration5,1500.0,4.93,0.43085840334831316,6399502433.552627,82000.53925811891,10000,20500.134814529727,20000,42
DivergenceMigration5,1500.0,5.0,0.47520820596827873,6340749310.217618,81880.67085041582,10000,20470.167712603954,20000,42
