scenario,ta,seed,rec_rate,corr_piApiB,se_corr_piApiB
Two-Locus Theory,1.0,42,0.0001,0.5321459486429371,0.026800320963570743
Two-Locus Theory,1.0,42,0.00011497569953977356,0.5321459486429371,0.026800320963570743
Two-Locus Theory,1.0,42,0.00013219411484660288,0.5321459486429371,0.026800320963570743
Two-Locus Theory,1.0,42,0.0001519911082952933,0.5321459486429371,0.026800320963570743
Two-Locus Theory,1.0,42,0.0001747528400007683,0.5321459486429371,0.026800320963570743
Two-Locus Theory,1.0,42,0.00020092330025650479,0.5321459486429371,0.026800320963570743
Two-Locus Theory,1.0,42,0.00023101297000831605,0.5321459486429371,0.026800320963570743
Two-Locus Theory,1.0,42,0.00026560877829466864,0.5302266241132793,0.026838411423497275
Two-Locus Theory,1.0,42,0.0003053855508833416,0.5284268254678762,0.026873955963799434
Two-Locus Theory,1.0,42,0.0003511191734215131,0.528480269919734,0.026872902897264687
Two-Locus Theory,1.0,42,0.0004037017258596554,0.5291926045158292,0.026858852977972417
Two-Locus Theory,1.0,42,0.0004641588833612782,0.5218961743492853,0.02700152862887901
Two-Locus Theory,1.0,42,0.0005336699231206312,0.5189308203022642,0.0270587352632845
Two-Locus Theory,1.0,42,0.0006135907273413176,0.5218961743492853,0.02700152862887901
Two-Locus Theory,1.0,42,0.0007054802310718645,0.521385037665697,0.027011421218640856
Two-Locus Theory,1.0,42,0.0008111308307896872,0.5199079301627402,0.02703993454641568
Two-Locus Theory,1.0,42,0.0009326033468832199,0.5257993821296785,0.02692554511447208
Two-Locus Theory,1.0,42,0.0010722672220103231,0.5203703844026092,0.027031019497362918
Two-Locus Theory,1.0,42,0.0012328467394420659,0.5128270419468469,0.027175087779797994
Two-Locus Theory,1.0,42,0.0014174741629268048,0.5215782849675317,0.02700768265689078
Two-Locus Theory,1.0,42,0.0016297508346206436,0.521069085419713,0.027017529532211336
Two-Locus Theory,1.0,42,0.001873817422860383,0.5216084166962264,0.027007099557053976
Two-Locus Theory,1.0,42,0.0021544346900318843,0.5180298256148322,0.027076028556978275
Two-Locus Theory,1.0,42,0.0024770763559917113,0.5166653121574426,0.02710214027023895
Two-Locus Theory,1.0,42,0.002848035868435802,0.5005611764482374,0.027403291579873753
Two-Locus Theory,1.0,42,0.0032745491628777285,0.4966095163329523,0.027475239140345796
Two-Locus Theory,1.0,42,0.0037649358067924675,0.5430596953276382,0.02658005202481622
Two-Locus Theory,1.0,42,0.004328761281083062,0.51902716419903,0.02705688364777014
Two-Locus Theory,1.0,42,0.004977023564332114,0.5259646557856897,0.026922310496485607
Two-Locus Theory,1.0,42,0.00572236765935022,0.5239363222971134,0.026961910529793853
Two-Locus Theory,1.0,42,0.006579332246575682,0.4816155635059787,0.027741406241019527
Two-Locus Theory,1.0,42,0.007564633275546291,0.5105177434856304,0.027218621204368045
Two-Locus Theory,1.0,42,0.008697490026177835,0.505730327753668,0.027308026149367087
Two-Locus Theory,1.0,42,0.01,0.5305007792213108,0.026832982337560575
Two-Locus Theory,1.0,42,0.011497569953977356,0.5092263848333776,0.027242849238999334
Two-Locus Theory,1.0,42,0.013219411484660288,0.5053602061219726,0.027314890968216737
Two-Locus Theory,1.0,42,0.01519911082952933,0.5119346119285422,0.02719194286223069
Two-Locus Theory,1.0,42,0.01747528400007685,0.5322169526205707,0.026798908154995287
Two-Locus Theory,1.0,42,0.02009233002565048,0.480759468174768,0.02775628138048141
Two-Locus Theory,1.0,42,0.023101297000831605,0.5022304104709278,0.027372671427545472
Two-Locus Theory,1.0,42,0.026560877829466867,0.4339691498939174,0.02851836902215339
Two-Locus Theory,1.0,42,0.030538555088334154,0.43638504666325295,0.02848140572360669
Two-Locus Theory,1.0,42,0.03511191734215131,0.45527087410521655,0.02818363115927606
Two-Locus Theory,1.0,42,0.040370172585965536,0.48700322184117406,0.027646999386306808
Two-Locus Theory,1.0,42,0.04641588833612782,0.5175049473431309,0.027086083905911898
Two-Locus Theory,1.0,42,0.05336699231206313,0.4981677480044174,0.02744695913904066
Two-Locus Theory,1.0,42,0.061359072734131756,0.4704580806651328,0.02793259124471211
Two-Locus Theory,1.0,42,0.07054802310718646,0.45891684877979966,0.02812431831115116
Two-Locus Theory,1.0,42,0.08111308307896872,0.3454213918310867,0.02970604248272472
Two-Locus Theory,1.0,42,0.093260334688322,0.45724384814209484,0.028151609004020348
Two-Locus Theory,1.0,42,0.10722672220103231,0.3942398449611582,0.02909067685022489
Two-Locus Theory,1.0,42,0.12328467394420659,0.3912705031138175,0.02913081877665399
Two-Locus Theory,1.0,42,0.14174741629268048,0.34000679426575897,0.02976856925153927
Two-Locus Theory,1.0,42,0.16297508346206452,0.3155921717324223,0.030036744050037582
Two-Locus Theory,1.0,42,0.1873817422860385,0.30263868927777576,0.030170022942001083
Two-Locus Theory,1.0,42,0.21544346900318845,0.32725272225168195,0.029911453422904823
Two-Locus Theory,1.0,42,0.24770763559917114,0.2704079544934098,0.030475186827500042
Two-Locus Theory,1.0,42,0.2848035868435802,0.19786970897212525,0.031028585602961782
Two-Locus Theory,1.0,42,0.32745491628777285,0.26800709362942665,0.03049643032043071
Two-Locus Theory,1.0,42,0.37649358067924676,0.2002407950144913,0.03101334033233284
Two-Locus Theory,1.0,42,0.43287612810830617,0.17707329604828734,0.03115423278251496
Two-Locus Theory,1.0,42,0.49770235643321137,0.18501587549112863,0.03110794970559814
Two-Locus Theory,1.0,42,0.572236765935022,0.1558919355640574,0.031267443298852976
Two-Locus Theory,1.0,42,0.6579332246575682,0.12885125631822136,0.03139057326531432
Two-Locus Theory,1.0,42,0.7564633275546291,0.0638139602855252,0.031589929182005545
Two-Locus Theory,1.0,42,0.8697490026177834,0.05029414477746221,0.031614386564930486
Two-Locus Theory,1.0,42,1.0,0.04123896682702261,0.03162751883265679
Two-Locus Theory,1.0,42,1.1497569953977356,0.08283340221793878,0.031545663493537365
Two-Locus Theory,1.0,42,1.3219411484660286,0.035369771722653744,0.03163464051018606
Two-Locus Theory,1.0,42,1.5199110829529332,0.026210542855323225,0.031643571838853315
Two-Locus Theory,1.0,42,1.747528400007683,0.03697362204159895,0.031632802906358934
Two-Locus Theory,1.0,42,2.009233002565046,-0.016415404730201442,0.031650181713420364
Two-Locus Theory,1.0,42,2.310129700083158,0.011915402924479988,0.031652199712918536
Two-Locus Theory,1.0,42,2.6560877829466896,0.01699616640254349,0.03164987455656831
Two-Locus Theory,1.0,42,3.0538555088334185,0.08876370450319472,0.03152949766820411
Two-Locus Theory,1.0,42,3.5111917342151346,0.02041370115771857,0.0316478506965713
Two-Locus Theory,1.0,42,4.037017258596558,-0.0017794848877713079,0.031654396773651235
Two-Locus Theory,1.0,42,4.641588833612782,0.001112031241281043,0.03165442731948198
Two-Locus Theory,1.0,42,5.336699231206313,0.007902609559406141,0.03165345844651738
Two-Locus Theory,1.0,42,6.135907273413176,0.013911508286017997,0.031651383699886536
Two-Locus Theory,1.0,42,7.054802310718645,0.015388631064225559,0.03165069862547952
Two-Locus Theory,1.0,42,8.111308307896872,0.004140990747262191,0.03165417548835107
Two-Locus Theory,1.0,42,9.326033468832199,-0.010743036262873311,0.03165262017431818
Two-Locus Theory,1.0,42,10.722672220103231,-0.0534950113102302,0.0316091214189619
Two-Locus Theory,1.0,42,12.32846739442066,-0.03244610370261478,0.031637780400208586
Two-Locus Theory,1.0,42,14.174741629268048,-0.02211417871525714,0.03164670584882277
Two-Locus Theory,1.0,42,16.297508346206435,-0.04080241708163198,0.03162808616450188
Two-Locus Theory,1.0,42,18.73817422860383,-0.06527483381942756,0.031586938208706575
Two-Locus Theory,1.0,42,21.544346900318867,-0.006591250761252409,0.03165375927699796
Two-Locus Theory,1.0,42,24.77076355991714,-0.012054308697373405,0.03165214701189722
Two-Locus Theory,1.0,42,28.48035868435805,-0.017636856546145135,0.031649523313046234
Two-Locus Theory,1.0,42,32.745491628777316,0.0011280372123222424,0.0316544267520049
Two-Locus Theory,1.0,42,37.649358067924716,0.04231741908390151,0.03162609137014536
Two-Locus Theory,1.0,42,43.287612810830616,0.047656726164528436,0.031618480245536054
Two-Locus Theory,1.0,42,49.770235643321136,0.028890968855923304,0.03164123333899916
Two-Locus Theory,1.0,42,57.223676593502205,0.04145923142217023,0.031627230285324145
Two-Locus Theory,1.0,42,65.79332246575683,0.019226688727072797,0.03164859557142907
Two-Locus Theory,1.0,42,75.64633275546291,0.014556896680515418,0.03165109287401102
Two-Locus Theory,1.0,42,86.97490026177834,0.01379897717772611,0.03165143305852304
Two-Locus Theory,1.0,42,100.0,-0.00030322413064051246,0.03165444543641383
Two-Locus Theory,1.0,42,0.0001,0.5623901484993588,0.002614825033325899
Two-Locus Theory,1.0,42,0.00011497569953977356,0.5623446381717754,0.0026149229119863675
Two-Locus Theory,1.0,42,0.00013219411484660288,0.5623302351193861,0.002614953886090974
Two-Locus Theory,1.0,42,0.0001519911082952933,0.5622422889725214,0.0026151429911893316
Two-Locus Theory,1.0,42,0.0001747528400007683,0.5623864518597969,0.0026148329840883105
Two-Locus Theory,1.0,42,0.00020092330025650479,0.562210931949348,0.002615210405775372
Two-Locus Theory,1.0,42,0.00023101297000831605,0.5625660111439976,0.0026144466981918124
Two-Locus Theory,1.0,42,0.00026560877829466864,0.5623635789083274,0.0026148821777185758
Two-Locus Theory,1.0,42,0.0003053855508833416,0.5620040192764527,0.002615655110331683
Two-Locus Theory,1.0,42,0.0003511191734215131,0.5623230815057919,0.0026149692696748714
Two-Locus Theory,1.0,42,0.0004037017258596554,0.562133537474587,0.002615376772928971
Two-Locus Theory,1.0,42,0.0004641588833612782,0.5613524711478652,0.0026170538799921692
Two-Locus Theory,1.0,42,0.0005336699231206312,0.561347509301362,0.0026170645231911923
Two-Locus Theory,1.0,42,0.0006135907273413176,0.560927841692125,0.0026179642165008524
Two-Locus Theory,1.0,42,0.0007054802310718645,0.5607731792386065,0.0026182955379209457
Two-Locus Theory,1.0,42,0.0008111308307896872,0.5615490829553267,0.0026166320355725426
Two-Locus Theory,1.0,42,0.0009326033468832199,0.561937167786835,0.0026157987389434146
Two-Locus Theory,1.0,42,0.0010722672220103231,0.5612291681129962,0.0026173183252512972
Two-Locus Theory,1.0,42,0.0012328467394420659,0.5605685784178712,0.0026187336336906345
Two-Locus Theory,1.0,42,0.0014174741629268048,0.5608548661937851,0.00261812056287963
Two-Locus Theory,1.0,42,0.0016297508346206436,0.5600427395140084,0.0026198585023523486
Two-Locus Theory,1.0,42,0.001873817422860383,0.5598495104774268,0.002620271469262929
Two-Locus Theory,1.0,42,0.0021544346900318843,0.5592444886868781,0.002621563173109306
Two-Locus Theory,1.0,42,0.0024770763559917113,0.5568775297402442,0.0026265970663478275
Two-Locus Theory,1.0,42,0.002848035868435802,0.5571278650416152,0.0026260661348124132
Two-Locus Theory,1.0,42,0.0032745491628777285,0.557157778170337,0.0026260026694661484
Two-Locus Theory,1.0,42,0.0037649358067924675,0.5566997175605313,0.002626973974847398
Two-Locus Theory,1.0,42,0.004328761281083062,0.5576040293337611,0.002625055291420202
Two-Locus Theory,1.0,42,0.004977023564332114,0.5529542013816059,0.0026348729310635764
Two-Locus Theory,1.0,42,0.00572236765935022,0.5529396522156618,0.002634903463962488
Two-Locus Theory,1.0,42,0.006579332246575682,0.5531756915988428,0.002634407968471912
Two-Locus Theory,1.0,42,0.007564633275546291,0.5502984956149406,0.0026404270666581984
Two-Locus Theory,1.0,42,0.008697490026177835,0.5448153822318811,0.0026517734878544795
Two-Locus Theory,1.0,42,0.01,0.5428341873628338,0.002655833488630585
Two-Locus Theory,1.0,42,0.011497569953977356,0.5401186347325635,0.0026613643608779957
Two-Locus Theory,1.0,42,0.013219411484660288,0.5393187140144573,0.0026629861203242237
Two-Locus Theory,1.0,42,0.01519911082952933,0.537947727853054,0.002665757780869877
Two-Locus Theory,1.0,42,0.01747528400007685,0.5341285397778744,0.0026734266352655047
Two-Locus Theory,1.0,42,0.02009233002565048,0.5287884454641607,0.0026840215868866517
Two-Locus Theory,1.0,42,0.023101297000831605,0.5209956193749181,0.00269921865760236
Two-Locus Theory,1.0,42,0.026560877829466867,0.517885097045729,0.0027051980749127867
Two-Locus Theory,1.0,42,0.030538555088334154,0.5103962721523472,0.0027193941155737224
Two-Locus Theory,1.0,42,0.03511191734215131,0.49991121736899835,0.002738802250663933
Two-Locus Theory,1.0,42,0.040370172585965536,0.4959476950620513,0.002745998843375456
Two-Locus Theory,1.0,42,0.04641588833612782,0.4893128092731404,0.0027578763323342767
Two-Locus Theory,1.0,42,0.05336699231206313,0.47436090288987076,0.0027838772130864206
Two-Locus Theory,1.0,42,0.061359072734131756,0.47146874132161065,0.0027887860810973442
Two-Locus Theory,1.0,42,0.07054802310718646,0.4477632246587776,0.002827585692998314
Two-Locus Theory,1.0,42,0.08111308307896872,0.4327956639159204,0.0028507966735264114
Two-Locus Theory,1.0,42,0.093260334688322,0.4279126918214581,0.002858158614072075
Two-Locus Theory,1.0,42,0.10722672220103231,0.406438722582404,0.0028893325548832367
Two-Locus Theory,1.0,42,0.12328467394420659,0.3897702761839338,0.00291220894464215
Two-Locus Theory,1.0,42,0.14174741629268048,0.3777190382579123,0.002928046234346409
Two-Locus Theory,1.0,42,0.16297508346206452,0.359420880610897,0.0029509897445803373
Two-Locus Theory,1.0,42,0.1873817422860385,0.33329719930700974,0.002981494181696846
Two-Locus Theory,1.0,42,0.21544346900318845,0.3175207717304435,0.0029986639416422997
Two-Locus Theory,1.0,42,0.24770763559917114,0.2946983087029107,0.0030218722181307557
Two-Locus Theory,1.0,42,0.2848035868435802,0.2689662540636397,0.003045776925004731
Two-Locus Theory,1.0,42,0.32745491628777285,0.24807391540470353,0.0030634589960660827
Two-Locus Theory,1.0,42,0.37649358067924676,0.22083037919064877,0.0030842389153337133
Two-Locus Theory,1.0,42,0.43287612810830617,0.2048197779392718,0.003095267387359783
Two-Locus Theory,1.0,42,0.49770235643321137,0.17865078393321046,0.003111435777041266
Two-Locus Theory,1.0,42,0.572236765935022,0.16499315002335102,0.0031189689263917005
Two-Locus Theory,1.0,42,0.6579332246575682,0.14355538282317332,0.003129554984804226
Two-Locus Theory,1.0,42,0.7564633275546291,0.12156398579121727,0.0031388563238807167
Two-Locus Theory,1.0,42,0.8697490026177834,0.10591222564028256,0.003144522819932226
Two-Locus Theory,1.0,42,1.0,0.09128865938818256,0.0031491049750546523
Two-Locus Theory,1.0,42,1.1497569953977356,0.0752071231663089,0.0031533534148594344
Two-Locus Theory,1.0,42,1.3219411484660286,0.06488305416002357,0.0031556459013726127
Two-Locus Theory,1.0,42,1.5199110829529332,0.04916440697702076,0.003158485100713411
Two-Locus Theory,1.0,42,1.747528400007683,0.05059776179841691,0.0031582587222982613
Two-Locus Theory,1.0,42,2.009233002565046,0.037717030801197635,0.0031600591727616307
Two-Locus Theory,1.0,42,2.310129700083158,0.033556558367271325,0.003160528334423296
Two-Locus Theory,1.0,42,2.6560877829466896,0.020547685192685933,0.0031616416378029218
Two-Locus Theory,1.0,42,3.0538555088334185,0.01641527207305463,0.0031618831949543056
Two-Locus Theory,1.0,42,3.5111917342151346,0.013674411839965605,0.003162013610218927
Two-Locus Theory,1.0,42,4.037017258596558,0.016171715459978815,0.0031618957458912165
Two-Locus Theory,1.0,42,4.641588833612782,0.00959494004132515,0.003162163714427697
Two-Locus Theory,1.0,42,5.336699231206313,0.010767645534015848,0.003162125955572883
Two-Locus Theory,1.0,42,6.135907273413176,-0.0010023316893113584,0.003162307694882171
Two-Locus Theory,1.0,42,7.054802310718645,0.00614598674245651,0.003162249557659059
Two-Locus Theory,1.0,42,8.111308307896872,-0.0013394141063810413,0.003162306446778962
Two-Locus Theory,1.0,42,9.326033468832199,-0.0003045309239621671,0.0031623091367844946
Two-Locus Theory,1.0,42,10.722672220103231,0.000808316357726544,0.0031623082503317193
Two-Locus Theory,1.0,42,12.32846739442066,-0.002684338496078308,0.0031622978901152407
Two-Locus Theory,1.0,42,14.174741629268048,-0.003585903425094669,0.0031622889517554445
Two-Locus Theory,1.0,42,16.297508346206435,-0.000998359271663723,0.00316230770744853
Two-Locus Theory,1.0,42,18.73817422860383,-0.002297402084709272,0.0031623009379850393
Two-Locus Theory,1.0,42,21.544346900318867,-0.0027540559607179037,0.0031622972906165444
Two-Locus Theory,1.0,42,24.77076355991714,0.0005352368672653495,0.003162308830452482
Two-Locus Theory,1.0,42,28.48035868435805,-0.0011976842681913416,0.0031623070153350263
Two-Locus Theory,1.0,42,32.745491628777316,-0.0035606210309032348,0.003162289237442263
Two-Locus Theory,1.0,42,37.649358067924716,-0.002910162992092908,0.0031622958925154095
Two-Locus Theory,1.0,42,43.287612810830616,-0.0028418566767203428,0.003162296513752483
Two-Locus Theory,1.0,42,49.770235643321136,-0.002008533431623711,0.0031623029047084914
Two-Locus Theory,1.0,42,57.223676593502205,-0.002281585218425578,0.0031623010525008276
Two-Locus Theory,1.0,42,65.79332246575683,0.00029394482835336765,0.0031623091468019346
Two-Locus Theory,1.0,42,75.64633275546291,0.0011747306914680956,0.0031623071014375095
Two-Locus Theory,1.0,42,86.97490026177834,-0.0017815504850408458,0.0031623042649536392
Two-Locus Theory,1.0,42,100.0,-0.0014012929430878489,0.003162306178627905
Two-Locus Theory,0.1,42,0.0001,0.6469670932805133,0.024137083041819676
Two-Locus Theory,0.1,42,0.00011497569953977356,0.6403719898911767,0.02431267007993252
Two-Locus Theory,0.1,42,0.00013219411484660288,0.6403719898911767,0.02431267007993252
Two-Locus Theory,0.1,42,0.0001519911082952933,0.6403719898911767,0.02431267007993252
Two-Locus Theory,0.1,42,0.0001747528400007683,0.6382571658739074,0.02436832823672385
Two-Locus Theory,0.1,42,0.00020092330025650479,0.6382571658739074,0.02436832823672385
Two-Locus Theory,0.1,42,0.00023101297000831605,0.6408943244639986,0.02429887519085846
Two-Locus Theory,0.1,42,0.00026560877829466864,0.6408943244639986,0.02429887519085846
Two-Locus Theory,0.1,42,0.0003053855508833416,0.6438808458369291,0.024219633309354626
Two-Locus Theory,0.1,42,0.0003511191734215131,0.6446474453188217,0.024199191577197295
Two-Locus Theory,0.1,42,0.0004037017258596554,0.6404646695953002,0.02431022379498196
Two-Locus Theory,0.1,42,0.0004641588833612782,0.6346776604447212,0.024461828005919707
Two-Locus Theory,0.1,42,0.0005336699231206312,0.631898121883472,0.024533825236224046
Two-Locus Theory,0.1,42,0.0006135907273413176,0.63142536505591,0.0245460184634663
Two-Locus Theory,0.1,42,0.0007054802310718645,0.6295751842574212,0.024593592192298307
Two-Locus Theory,0.1,42,0.0008111308307896872,0.6298641086119533,0.024586178332805093
Two-Locus Theory,0.1,42,0.0009326033468832199,0.6300732901258428,0.024580807172110124
Two-Locus Theory,0.1,42,0.0010722672220103231,0.630847360242733,0.02456090560714857
Two-Locus Theory,0.1,42,0.0012328467394420659,0.630847360242733,0.02456090560714857
Two-Locus Theory,0.1,42,0.0014174741629268048,0.6246499518144036,0.024719112174827126
Two-Locus Theory,0.1,42,0.0016297508346206436,0.6158770925384114,0.02493871058129004
Two-Locus Theory,0.1,42,0.001873817422860383,0.6188378953865975,0.0248651605998594
Two-Locus Theory,0.1,42,0.0021544346900318843,0.6326413401524983,0.024514625603239075
Two-Locus Theory,0.1,42,0.0024770763559917113,0.6353529966471847,0.024444255212159705
Two-Locus Theory,0.1,42,0.002848035868435802,0.6046540756353728,0.025212393348793397
Two-Locus Theory,0.1,42,0.0032745491628777285,0.6077581594402597,0.025137498030796235
Two-Locus Theory,0.1,42,0.0037649358067924675,0.6038849381026083,0.025230857573229057
Two-Locus Theory,0.1,42,0.004328761281083062,0.5934909727155371,0.025476785482124113
Two-Locus Theory,0.1,42,0.004977023564332114,0.6084226760640394,0.02512138561627595
Two-Locus Theory,0.1,42,0.00572236765935022,0.6061735290654878,0.025175807737802453
Two-Locus Theory,0.1,42,0.006579332246575682,0.5691279659191736,0.02602783615513478
Two-Locus Theory,0.1,42,0.007564633275546291,0.5672257544051116,0.02606941065469871
Two-Locus Theory,0.1,42,0.008697490026177835,0.5701197759262394,0.02600607762128505
Two-Locus Theory,0.1,42,0.01,0.5868039619456841,0.02563152473743182
Two-Locus Theory,0.1,42,0.011497569953977356,0.5967379528904925,0.02540067329792737
Two-Locus Theory,0.1,42,0.013219411484660288,0.5990424698479169,0.02534626176163037
Two-Locus Theory,0.1,42,0.01519911082952933,0.5617437123242074,0.02618808188718827
Two-Locus Theory,0.1,42,0.01747528400007685,0.5572746998797696,0.026283579702885005
Two-Locus Theory,0.1,42,0.02009233002565048,0.5456880734071096,0.026526058699352227
Two-Locus Theory,0.1,42,0.023101297000831605,0.5824717106931157,0.02573034799333175
Two-Locus Theory,0.1,42,0.026560877829466867,0.549075930276033,0.026455915287491128
Two-Locus Theory,0.1,42,0.030538555088334154,0.5988047338626722,0.02535189001550715
Two-Locus Theory,0.1,42,0.03511191734215131,0.5340524549622232,0.02676229467331202
Two-Locus Theory,0.1,42,0.040370172585965536,0.544252369183895,0.026555597491941793
Two-Locus Theory,0.1,42,0.04641588833612782,0.5477500838985495,0.026483439934620906
Two-Locus Theory,0.1,42,0.05336699231206313,0.48316574628254977,0.0277143831915958
Two-Locus Theory,0.1,42,0.061359072734131756,0.45736734324685774,0.028149598809887617
Two-Locus Theory,0.1,42,0.07054802310718646,0.47148735067582176,0.027915196480443733
Two-Locus Theory,0.1,42,0.08111308307896872,0.5007312308781541,0.02740017835655803
Two-Locus Theory,0.1,42,0.093260334688322,0.4504264719672101,0.028261518363165757
Two-Locus Theory,0.1,42,0.10722672220103231,0.39330277789700685,0.029103383631049667
Two-Locus Theory,0.1,42,0.12328467394420659,0.4244153487581071,0.028662076704603516
Two-Locus Theory,0.1,42,0.14174741629268048,0.4298909774507275,0.028580192482050928
Two-Locus Theory,0.1,42,0.16297508346206452,0.4048647457805221,0.02894408502163356
Two-Locus Theory,0.1,42,0.1873817422860385,0.3586545171500134,0.029548488348056
Two-Locus Theory,0.1,42,0.21544346900318845,0.3380944191453558,0.0297903859984835
Two-Locus Theory,0.1,42,0.24770763559917114,0.3722609668538495,0.02937938169353511
Two-Locus Theory,0.1,42,0.2848035868435802,0.3711813186555338,0.029393066075995452
Two-Locus Theory,0.1,42,0.32745491628777285,0.3345717012531029,0.029830210519536805
Two-Locus Theory,0.1,42,0.37649358067924676,0.2538147355864673,0.0306178540392875
Two-Locus Theory,0.1,42,0.43287612810830617,0.28413739806205784,0.030349763678374667
Two-Locus Theory,0.1,42,0.49770235643321137,0.27106958686497074,0.03046929659751187
Two-Locus Theory,0.1,42,0.572236765935022,0.1922623867506512,0.0310638874716389
Two-Locus Theory,0.1,42,0.6579332246575682,0.21009706436488504,0.030947936491653855
Two-Locus Theory,0.1,42,0.7564633275546291,0.2139049574171722,0.03092178816237307
Two-Locus Theory,0.1,42,0.8697490026177834,0.19785876663601365,0.03102865552021324
Two-Locus Theory,0.1,42,1.0,0.16214978220631734,0.0312355369036898
Two-Locus Theory,0.1,42,1.1497569953977356,0.08973482750278644,0.03152674312066882
Two-Locus Theory,0.1,42,1.3219411484660286,0.1202142495052118,0.031424887929452604
Two-Locus Theory,0.1,42,1.5199110829529332,0.1390079737446711,0.03134712215451589
Two-Locus Theory,0.1,42,1.747528400007683,0.10562621164153539,0.031477368900848395
Two-Locus Theory,0.1,42,2.009233002565046,0.08122137209052253,0.031549863335182136
Two-Locus Theory,0.1,42,2.310129700083158,0.05559757727845188,0.031605485644844306
Two-Locus Theory,0.1,42,2.6560877829466896,0.06650220421482905,0.03158437275043857
Two-Locus Theory,0.1,42,3.0538555088334185,0.06146988186944373,0.03159458639390236
Two-Locus Theory,0.1,42,3.5111917342151346,0.04659757462204622,0.03162006202847667
Two-Locus Theory,0.1,42,4.037017258596558,0.013831172670200205,0.03165141897781497
Two-Locus Theory,0.1,42,4.641588833612782,0.021110491487805128,0.03164739265837377
Two-Locus Theory,0.1,42,5.336699231206313,0.024795186192318974,0.03164471479870012
Two-Locus Theory,0.1,42,6.135907273413176,0.025825530668487053,0.03164388903710282
Two-Locus Theory,0.1,42,7.054802310718645,0.023836310725146304,0.03164545306502018
Two-Locus Theory,0.1,42,8.111308307896872,0.04086350672830595,0.031628007137485654
Two-Locus Theory,0.1,42,9.326033468832199,-0.04362524673480891,0.03162431077369354
Two-Locus Theory,0.1,42,10.722672220103231,-0.016275594876477277,0.03165025406178864
Two-Locus Theory,0.1,42,12.32846739442066,0.003425144671659373,0.03165426121219318
Two-Locus Theory,0.1,42,14.174741629268048,0.0026459487844547307,0.03165433608434888
Two-Locus Theory,0.1,42,16.297508346206435,0.04227913030531392,0.031626142682004574
Two-Locus Theory,0.1,42,18.73817422860383,0.03455337397162652,0.031635544561562236
Two-Locus Theory,0.1,42,21.544346900318867,-0.023906624141177377,0.0316453999183793
Two-Locus Theory,0.1,42,24.77076355991714,-0.03184787954809627,0.03163838946508147
Two-Locus Theory,0.1,42,28.48035868435805,-0.05126189246571176,0.03161282904615525
Two-Locus Theory,0.1,42,32.745491628777316,-0.043236867107841664,0.03162484521689686
Two-Locus Theory,0.1,42,37.649358067924716,-0.04198296064714828,0.031626538015232686
Two-Locus Theory,0.1,42,43.287612810830616,-0.05486863096656722,0.03160676206371287
Two-Locus Theory,0.1,42,49.770235643321136,-0.018943034559938895,0.03164876696401213
Two-Locus Theory,0.1,42,57.223676593502205,0.004097978140239697,0.03165418109724268
Two-Locus Theory,0.1,42,65.79332246575683,0.017764435652500476,0.031649451818740904
Two-Locus Theory,0.1,42,75.64633275546291,-0.02315943112461292,0.03164595667534448
Two-Locus Theory,0.1,42,86.97490026177834,0.005917359526707409,0.03165389269429014
Two-Locus Theory,0.1,42,100.0,0.016421258433356824,0.03165017867076342
Two-Locus Theory,0.1,42,0.0001,0.6084031911949557,0.0025096974999128407
Two-Locus Theory,0.1,42,0.00011497569953977356,0.6086060505267435,0.0025092055864109433
Two-Locus Theory,0.1,42,0.00013219411484660288,0.6081617394418931,0.0025102826568278026
Two-Locus Theory,0.1,42,0.0001519911082952933,0.6079606216024225,0.002510769783374426
Two-Locus Theory,0.1,42,0.0001747528400007683,0.6080845755799604,0.0025104695852704857
Two-Locus Theory,0.1,42,0.00020092330025650479,0.6083220358730098,0.0025098942204987698
Two-Locus Theory,0.1,42,0.00023101297000831605,0.6084786894239518,0.002509514454715308
Two-Locus Theory,0.1,42,0.00026560877829466864,0.6081707806564169,0.0025102607521408048
Two-Locus Theory,0.1,42,0.0003053855508833416,0.6079219803934914,0.002510863346787212
Two-Locus Theory,0.1,42,0.0003511191734215131,0.6074477790661629,0.0025120107804384685
Two-Locus Theory,0.1,42,0.0004037017258596554,0.6072670471614944,0.0025124477272550844
Two-Locus Theory,0.1,42,0.0004641588833612782,0.6076087695107829,0.00251162138806307
Two-Locus Theory,0.1,42,0.0005336699231206312,0.6070134692904621,0.00251306044305651
Two-Locus Theory,0.1,42,0.0006135907273413176,0.6074165015786854,0.002512086413255337
Two-Locus Theory,0.1,42,0.0007054802310718645,0.6067027129530602,0.002513810765719107
Two-Locus Theory,0.1,42,0.0008111308307896872,0.6068403656348373,0.002513478477696383
Two-Locus Theory,0.1,42,0.0009326033468832199,0.606997669353313,0.0025130986067579218
Two-Locus Theory,0.1,42,0.0010722672220103231,0.6061983023932387,0.0025150273734115373
Two-Locus Theory,0.1,42,0.0012328467394420659,0.6055291037750535,0.0025166389717732837
Two-Locus Theory,0.1,42,0.0014174741629268048,0.6045751070780312,0.0025189315789321985
Two-Locus Theory,0.1,42,0.0016297508346206436,0.6048464744277147,0.0025182800198565703
Two-Locus Theory,0.1,42,0.001873817422860383,0.6073355792298724,0.0025122820648244533
Two-Locus Theory,0.1,42,0.0021544346900318843,0.6081590371116787,0.0025102892038232757
Two-Locus Theory,0.1,42,0.0024770763559917113,0.6089633886706733,0.002508338443635998
Two-Locus Theory,0.1,42,0.002848035868435802,0.6084238055132662,0.0025096475241478556
Two-Locus Theory,0.1,42,0.0032745491628777285,0.606945038347869,0.002513225722118816
Two-Locus Theory,0.1,42,0.0037649358067924675,0.605430476487597,0.002516876253358815
Two-Locus Theory,0.1,42,0.004328761281083062,0.6041941131648544,0.0025198455763407257
Two-Locus Theory,0.1,42,0.004977023564332114,0.6029744737719773,0.002522765372898678
Two-Locus Theory,0.1,42,0.00572236765935022,0.6037141297612867,0.0025209957563744126
Two-Locus Theory,0.1,42,0.006579332246575682,0.6011438458552552,0.002527130486079697
Two-Locus Theory,0.1,42,0.007564633275546291,0.6005261264486547,0.0025285987405591973
Two-Locus Theory,0.1,42,0.008697490026177835,0.5966182418776028,0.002537832844475718
Two-Locus Theory,0.1,42,0.01,0.5948264340623168,0.002542035478173845
Two-Locus Theory,0.1,42,0.011497569953977356,0.5932463609119356,0.002545725273274945
Two-Locus Theory,0.1,42,0.013219411484660288,0.5925558047408022,0.0025473331075458153
Two-Locus Theory,0.1,42,0.01519911082952933,0.5897613780419461,0.0025538100181127063
Two-Locus Theory,0.1,42,0.01747528400007685,0.5849867770449848,0.0025647682678071647
Two-Locus Theory,0.1,42,0.02009233002565048,0.5818006460615442,0.002572005518398324
Two-Locus Theory,0.1,42,0.023101297000831605,0.577298520590367,0.002582130424512348
Two-Locus Theory,0.1,42,0.026560877829466867,0.5714858057554153,0.002595028790146512
Two-Locus Theory,0.1,42,0.030538555088334154,0.5644642283970813,0.0026103520121534226
Two-Locus Theory,0.1,42,0.03511191734215131,0.5549943251434732,0.002630580048128777
Two-Locus Theory,0.1,42,0.040370172585965536,0.5553509862724084,0.002629827207305727
Two-Locus Theory,0.1,42,0.04641588833612782,0.5416145259336256,0.0026583224760259373
Two-Locus Theory,0.1,42,0.05336699231206313,0.5351944407425682,0.00267129403514831
Two-Locus Theory,0.1,42,0.061359072734131756,0.5173304845676207,0.002706259073727752
Two-Locus Theory,0.1,42,0.07054802310718646,0.5123797477651815,0.002715661510046794
Two-Locus Theory,0.1,42,0.08111308307896872,0.4999286109714611,0.0027387705008997355
Two-Locus Theory,0.1,42,0.093260334688322,0.4787067132586246,0.002776428100612585
Two-Locus Theory,0.1,42,0.10722672220103231,0.46719712367603894,0.002795965812520757
Two-Locus Theory,0.1,42,0.12328467394420659,0.453392883296622,0.002818600330645733
Two-Locus Theory,0.1,42,0.14174741629268048,0.4342646419487238,0.0028485618289974574
Two-Locus Theory,0.1,42,0.16297508346206452,0.41960584239395626,0.0028704484248583493
Two-Locus Theory,0.1,42,0.1873817422860385,0.3995015542657684,0.002898991749635663
Two-Locus Theory,0.1,42,0.21544346900318845,0.3791947529477223,0.002926138178395193
Two-Locus Theory,0.1,42,0.24770763559917114,0.35642861967347267,0.00295461689326998
Two-Locus Theory,0.1,42,0.2848035868435802,0.33634880334422346,0.00297806517765027
Two-Locus Theory,0.1,42,0.32745491628777285,0.30861779901464637,0.003007944729536012
Two-Locus Theory,0.1,42,0.37649358067924676,0.28195258900291376,0.003034009142994651
Two-Locus Theory,0.1,42,0.43287612810830617,0.26935106949185783,0.003045436833583332
Two-Locus Theory,0.1,42,0.49770235643321137,0.23925473910119147,0.0030704658039752333
Two-Locus Theory,0.1,42,0.572236765935022,0.21884788708853892,0.003085651705571739
Two-Locus Theory,0.1,42,0.6579332246575682,0.20239070545385682,0.0030968648396233894
Two-Locus Theory,0.1,42,0.7564633275546291,0.1808138904651382,0.003110185980819365
Two-Locus Theory,0.1,42,0.8697490026177834,0.16062507478941884,0.0031212482594793517
Two-Locus Theory,0.1,42,1.0,0.1404239019260614,0.003130975461070456
Two-Locus Theory,0.1,42,1.1497569953977356,0.13369104746869395,0.0031339214201279177
Two-Locus Theory,0.1,42,1.3219411484660286,0.11744079060230715,0.0031404257438290275
Two-Locus Theory,0.1,42,1.5199110829529332,0.10148367677455732,0.003145982927107953
Two-Locus Theory,0.1,42,1.747528400007683,0.09057339811838519,0.0031493115055186366
Two-Locus Theory,0.1,42,2.009233002565046,0.06697870517755572,0.0031552080180679253
Two-Locus Theory,0.1,42,2.310129700083158,0.05629202180116365,0.003157294958195137
Two-Locus Theory,0.1,42,2.6560877829466896,0.052779705682901926,0.00315790159338915
Two-Locus Theory,0.1,42,3.0538555088334185,0.04312830516174149,0.0031593668867229167
Two-Locus Theory,0.1,42,3.5111917342151346,0.04135811332679061,0.00315960357110113
Two-Locus Theory,0.1,42,4.037017258596558,0.03113730105473027,0.003160775932412826
Two-Locus Theory,0.1,42,4.641588833612782,0.02323717058657154,0.0031614553982360727
Two-Locus Theory,0.1,42,5.336699231206313,0.019913379826583248,0.0031616822259247965
Two-Locus Theory,0.1,42,6.135907273413176,0.0195786868869412,0.003161703129253501
Two-Locus Theory,0.1,42,7.054802310718645,0.015560365371219784,0.003161926423221967
Two-Locus Theory,0.1,42,8.111308307896872,0.01514858406665584,0.003161946419867199
Two-Locus Theory,0.1,42,9.326033468832199,0.012867022443087045,0.003162047496199552
Two-Locus Theory,0.1,42,10.722672220103231,0.0059072617843908635,0.0031622541073738682
Two-Locus Theory,0.1,42,12.32846739442066,0.0048352792298315544,0.003162272315925954
Two-Locus Theory,0.1,42,14.174741629268048,0.0057865718785329034,0.0031622563389393354
Two-Locus Theory,0.1,42,16.297508346206435,0.001990095786293786,0.0031623030212798364
Two-Locus Theory,0.1,42,18.73817422860383,0.0009612097641460583,0.003162307822551939
Two-Locus Theory,0.1,42,21.544346900318867,-0.0010217283943940033,0.003162307632805855
Two-Locus Theory,0.1,42,24.77076355991714,-0.0029291697636802043,0.003162295717027267
Two-Locus Theory,0.1,42,28.48035868435805,-0.004734620270535171,0.003162273839063531
Two-Locus Theory,0.1,42,32.745491628777316,0.0010222778458480787,0.0031623076310300876
Two-Locus Theory,0.1,42,37.649358067924716,0.00041240654222856287,0.003162309014497872
Two-Locus Theory,0.1,42,43.287612810830616,0.0018418508207006128,0.003162303919482934
Two-Locus Theory,0.1,42,49.770235643321136,0.0036382103671073443,0.0031622883542785844
Two-Locus Theory,0.1,42,57.223676593502205,-0.0019521489351327203,0.0031623032578143476
Two-Locus Theory,0.1,42,65.79332246575683,-0.0025933672644006325,0.003162298649260892
Two-Locus Theory,0.1,42,75.64633275546291,-0.006160839996968052,0.0031622492686241635
Two-Locus Theory,0.1,42,86.97490026177834,-0.004322624915422561,0.0031622797392706096
Two-Locus Theory,0.1,42,100.0,-0.004772638141590164,0.003162273267555489
Two-Locus Theory,0.01,42,0.0001,0.6658620732284781,0.023616587090591386
Two-Locus Theory,0.01,42,0.00011497569953977356,0.6604575763025908,0.023768164447152438
Two-Locus Theory,0.01,42,0.00013219411484660288,0.6604575763025908,0.023768164447152438
Two-Locus Theory,0.01,42,0.0001519911082952933,0.6604575763025908,0.023768164447152438
Two-Locus Theory,0.01,42,0.0001747528400007683,0.6593482741539651,0.02379900499280343
Two-Locus Theory,0.01,42,0.00020092330025650479,0.6593482741539651,0.02379900499280343
Two-Locus Theory,0.01,42,0.00023101297000831605,0.6616524825353417,0.023734841008741556
Two-Locus Theory,0.01,42,0.00026560877829466864,0.6616524825353417,0.023734841008741556
Two-Locus Theory,0.01,42,0.0003053855508833416,0.6602704909047175,0.023773372190142177
Two-Locus Theory,0.01,42,0.0003511191734215131,0.6610822155175171,0.02375075791062486
Two-Locus Theory,0.01,42,0.0004037017258596554,0.6572258541880983,0.023857756845733522
Two-Locus Theory,0.01,42,0.0004641588833612782,0.65364809705793,0.0239560420168017
Two-Locus Theory,0.01,42,0.0005336699231206312,0.6630303240212161,0.023696282768874238
Two-Locus Theory,0.01,42,0.0006135907273413176,0.6622489111493034,0.023718167775923497
Two-Locus Theory,0.01,42,0.0007054802310718645,0.6620500123792978,0.023723730986765897
Two-Locus Theory,0.01,42,0.0008111308307896872,0.662564631080727,0.023709330956179244
Two-Locus Theory,0.01,42,0.0009326033468832199,0.662564631080727,0.023709330956179244
Two-Locus Theory,0.01,42,0.0010722672220103231,0.6589184531686475,0.023810930113281087
Two-Locus Theory,0.01,42,0.0012328467394420659,0.6589184531686475,0.023810930113281087
Two-Locus Theory,0.01,42,0.0014174741629268048,0.6544960876373702,0.023932831678086883
Two-Locus Theory,0.01,42,0.0016297508346206436,0.6358942573624138,0.024430148541690087
Two-Locus Theory,0.01,42,0.001873817422860383,0.6306892279875058,0.02456497452976126
Two-Locus Theory,0.01,42,0.0021544346900318843,0.6090692611631024,0.025105681141075364
Two-Locus Theory,0.01,42,0.0024770763559917113,0.6176063791595583,0.024895822226833966
Two-Locus Theory,0.01,42,0.002848035868435802,0.6625167848584207,0.023710670627041092
Two-Locus Theory,0.01,42,0.0032745491628777285,0.6395291748721784,0.02433488870127656
Two-Locus Theory,0.01,42,0.0037649358067924675,0.6308283701829536,0.024561394332476918
Two-Locus Theory,0.01,42,0.004328761281083062,0.6169046332943313,0.024913249756843853
Two-Locus Theory,0.01,42,0.004977023564332114,0.6436987943329985,0.024224481691062977
Two-Locus Theory,0.01,42,0.00572236765935022,0.623071268692907,0.024759002616230572
Two-Locus Theory,0.01,42,0.006579332246575682,0.6127144913708692,0.02501664680365325
Two-Locus Theory,0.01,42,0.007564633275546291,0.5794313576799435,0.025799040344605506
Two-Locus Theory,0.01,42,0.008697490026177835,0.5739904901969838,0.025920622571852923
Two-Locus Theory,0.01,42,0.01,0.5889213331035094,0.025582818935076624
Two-Locus Theory,0.01,42,0.011497569953977356,0.6045200828787232,0.025215612696176726
Two-Locus Theory,0.01,42,0.013219411484660288,0.6194036511408934,0.024851041537213268
Two-Locus Theory,0.01,42,0.01519911082952933,0.6040996952722978,0.025225705750943486
Two-Locus Theory,0.01,42,0.01747528400007685,0.5638744387015954,0.02614215833215551
Two-Locus Theory,0.01,42,0.02009233002565048,0.6038873138753892,0.02523080059645042
Two-Locus Theory,0.01,42,0.023101297000831605,0.5590694906414344,0.02624536039986811
Two-Locus Theory,0.01,42,0.026560877829466867,0.5421736475803361,0.026598170260223108
Two-Locus Theory,0.01,42,0.030538555088334154,0.5803871309797648,0.02577750448876722
Two-Locus Theory,0.01,42,0.03511191734215131,0.5220551265381949,0.026998449537149524
Two-Locus Theory,0.01,42,0.040370172585965536,0.5416105455828623,0.02660966300507998
Two-Locus Theory,0.01,42,0.04641588833612782,0.4986934460933892,0.027437391781272105
Two-Locus Theory,0.01,42,0.05336699231206313,0.4984965417032657,0.02744097688375094
Two-Locus Theory,0.01,42,0.061359072734131756,0.4764010733095947,0.027831478576406322
Two-Locus Theory,0.01,42,0.07054802310718646,0.5060911519985344,0.027301327271955427
Two-Locus Theory,0.01,42,0.08111308307896872,0.4852793668239753,0.02767735551224546
Two-Locus Theory,0.01,42,0.093260334688322,0.47775641687417114,0.027808189386031804
Two-Locus Theory,0.01,42,0.10722672220103231,0.43059549293931304,0.02856956354904842
Two-Locus Theory,0.01,42,0.12328467394420659,0.4550791170656016,0.02818673413457364
Two-Locus Theory,0.01,42,0.14174741629268048,0.5196481105477359,0.027044938502451262
Two-Locus Theory,0.01,42,0.16297508346206452,0.40412529050401447,0.028954437803419185
Two-Locus Theory,0.01,42,0.1873817422860385,0.4325104575587881,0.028540564671460503
Two-Locus Theory,0.01,42,0.21544346900318845,0.38514334003063017,0.029212520437831308
Two-Locus Theory,0.01,42,0.24770763559917114,0.3515414751168186,0.029634016622034232
Two-Locus Theory,0.01,42,0.2848035868435802,0.3726507167322848,0.02937443033718582
Two-Locus Theory,0.01,42,0.32745491628777285,0.34448799246170075,0.02971690110816827
Two-Locus Theory,0.01,42,0.37649358067924676,0.3112375333779271,0.030082238613121485
Two-Locus Theory,0.01,42,0.43287612810830617,0.2833047271716278,0.030357562398053522
Two-Locus Theory,0.01,42,0.49770235643321137,0.28067146651331254,0.03038206160252635
Two-Locus Theory,0.01,42,0.572236765935022,0.2083843523435031,0.030959537263879865
Two-Locus Theory,0.01,42,0.6579332246575682,0.20324491945940681,0.030993753050740397
Two-Locus Theory,0.01,42,0.7564633275546291,0.1325014073491323,0.0313753438459789
Two-Locus Theory,0.01,42,0.8697490026177834,0.16834669754852258,0.0312026697997105
Two-Locus Theory,0.01,42,1.0,0.14754390219971622,0.03130800503517024
Two-Locus Theory,0.01,42,1.1497569953977356,0.1789749380212369,0.031143342581273506
Two-Locus Theory,0.01,42,1.3219411484660286,0.10605107362838748,0.03147593746118433
Two-Locus Theory,0.01,42,1.5199110829529332,0.07968140784956512,0.031553797830977934
Two-Locus Theory,0.01,42,1.747528400007683,0.07253937892205474,0.031571054805131546
Two-Locus Theory,0.01,42,2.009233002565046,0.07970296242533986,0.03155374328365886
Two-Locus Theory,0.01,42,2.310129700083158,0.033059704275579915,0.03163714389290873
Two-Locus Theory,0.01,42,2.6560877829466896,0.09565430484095838,0.031509299037221175
Two-Locus Theory,0.01,42,3.0538555088334185,0.038608212614324434,0.03163084612798513
Two-Locus Theory,0.01,42,3.5111917342151346,0.08004401186276767,0.0315528782270927
Two-Locus Theory,0.01,42,4.037017258596558,0.01785988956923309,0.03164939799002244
Two-Locus Theory,0.01,42,4.641588833612782,0.0008731339057550054,0.031654434825556965
Two-Locus Theory,0.01,42,5.336699231206313,0.04979618465089256,0.03161517639918711
Two-Locus Theory,0.01,42,6.135907273413176,0.03597140394355534,0.03163396075492948
Two-Locus Theory,0.01,42,7.054802310718645,0.0201525486740539,0.03164801840431371
Two-Locus Theory,0.01,42,8.111308307896872,0.023120966506606857,0.03164598485784644
Two-Locus Theory,0.01,42,9.326033468832199,0.01782370975632341,0.03164941842663164
Two-Locus Theory,0.01,42,10.722672220103231,0.011523912881559475,0.03165234495759402
Two-Locus Theory,0.01,42,12.32846739442066,-0.0030136238103266864,0.03165430314960834
Two-Locus Theory,0.01,42,14.174741629268048,-0.001396384654248152,0.03165441603028453
Two-Locus Theory,0.01,42,16.297508346206435,0.021548116027154056,0.031647097121349006
Two-Locus Theory,0.01,42,18.73817422860383,-0.018702415404341546,0.03164891035583163
Two-Locus Theory,0.01,42,21.544346900318867,-0.01225388199718453,0.031652070224156725
Two-Locus Theory,0.01,42,24.77076355991714,0.011559778454381305,0.03165233185320754
Two-Locus Theory,0.01,42,28.48035868435805,0.013729084805341839,0.031651463513010555
Two-Locus Theory,0.01,42,32.745491628777316,-0.015118230534686042,0.031650829200570205
Two-Locus Theory,0.01,42,37.649358067924716,0.01399410163640687,0.03165134721746851
Two-Locus Theory,0.01,42,43.287612810830616,0.06366587991946267,0.031590228565423706
Two-Locus Theory,0.01,42,49.770235643321136,0.0029474825383623065,0.031654309389917056
Two-Locus Theory,0.01,42,57.223676593502205,0.0301686422130607,0.03164003851295417
Two-Locus Theory,0.01,42,65.79332246575683,-0.02685958639937528,0.03164302648085658
Two-Locus Theory,0.01,42,75.64633275546291,0.007628784842751402,0.03165352575982459
Two-Locus Theory,0.01,42,86.97490026177834,-0.08544758011249388,0.031538676053813254
Two-Locus Theory,0.01,42,100.0,-0.05169695064972243,0.031612119154659925
Two-Locus Theory,0.01,42,0.0001,0.6180598944024727,0.002485989395025145
Two-Locus Theory,0.01,42,0.00011497569953977356,0.6180074838277549,0.0024861196904314917
Two-Locus Theory,0.01,42,0.00013219411484660288,0.6176067416384683,0.002487115365575947
Two-Locus Theory,0.01,42,0.0001519911082952933,0.6173076740341297,0.0024878577420159335
Two-Locus Theory,0.01,42,0.0001747528400007683,0.6172463674803645,0.0024880098517054534
Two-Locus Theory,0.01,42,0.00020092330025650479,0.6170819472936947,0.0024884176795090434
Two-Locus Theory,0.01,42,0.00023101297000831605,0.6176075803422938,0.002487113282841577
Two-Locus Theory,0.01,42,0.00026560877829466864,0.6174441554194723,0.0024875190259375773
Two-Locus Theory,0.01,42,0.0003053855508833416,0.6167648375197237,0.002489203743107057
Two-Locus Theory,0.01,42,0.0003511191734215131,0.6166644002295582,0.002489452574840027
Two-Locus Theory,0.01,42,0.0004037017258596554,0.6174104896749859,0.002487602587980173
Two-Locus Theory,0.01,42,0.0004641588833612782,0.6179234776854249,0.00248632849676775
Two-Locus Theory,0.01,42,0.0005336699231206312,0.6165738071932175,0.002489676961507268
Two-Locus Theory,0.01,42,0.0006135907273413176,0.6165977223577781,0.00248961773205467
Two-Locus Theory,0.01,42,0.0007054802310718645,0.617071365553522,0.0024884439204454697
Two-Locus Theory,0.01,42,0.0008111308307896872,0.6153302198267809,0.0024927517890694396
Two-Locus Theory,0.01,42,0.0009326033468832199,0.6155841457971633,0.0024921247577414604
Two-Locus Theory,0.01,42,0.0010722672220103231,0.6144633422978598,0.0024948892759341875
Two-Locus Theory,0.01,42,0.0012328467394420659,0.6134988642910779,0.002497261732670167
Two-Locus Theory,0.01,42,0.0014174741629268048,0.6129098057086765,0.002498707780328255
Two-Locus Theory,0.01,42,0.0016297508346206436,0.6141060417645745,0.0024957688738999665
Two-Locus Theory,0.01,42,0.001873817422860383,0.6139938709767263,0.0024960448451154735
Two-Locus Theory,0.01,42,0.0021544346900318843,0.612480780856695,0.0024997595697926365
Two-Locus Theory,0.01,42,0.0024770763559917113,0.6149649311103398,0.0024936530835620607
Two-Locus Theory,0.01,42,0.002848035868435802,0.6148894660980411,0.0024938391747450855
Two-Locus Theory,0.01,42,0.0032745491628777285,0.6130978764816526,0.002498246337580053
Two-Locus Theory,0.01,42,0.0037649358067924675,0.6126062691778001,0.0024994520469197373
Two-Locus Theory,0.01,42,0.004328761281083062,0.6101373216794601,0.0025054839923533473
Two-Locus Theory,0.01,42,0.004977023564332114,0.6092453309815131,0.0025076536908658124
Two-Locus Theory,0.01,42,0.00572236765935022,0.6079003229049572,0.0025109157827537445
Two-Locus Theory,0.01,42,0.006579332246575682,0.6081159887131231,0.0025103934919100414
Two-Locus Theory,0.01,42,0.007564633275546291,0.605508936781757,0.002516687495318647
Two-Locus Theory,0.01,42,0.008697490026177835,0.6025273249783994,0.0025238335169452376
Two-Locus Theory,0.01,42,0.01,0.5996890339730375,0.002530584656260071
Two-Locus Theory,0.01,42,0.011497569953977356,0.5994421612711663,0.0025311695101844353
Two-Locus Theory,0.01,42,0.013219411484660288,0.5954291581455751,0.0025406239925864576
Two-Locus Theory,0.01,42,0.01519911082952933,0.5921264704769886,0.0025483312793769235
Two-Locus Theory,0.01,42,0.01747528400007685,0.5868956027410785,0.0025604036064973083
Two-Locus Theory,0.01,42,0.02009233002565048,0.5802255072103776,0.0025755613520454454
Two-Locus Theory,0.01,42,0.023101297000831605,0.5812991143628594,0.002573139292250985
Two-Locus Theory,0.01,42,0.026560877829466867,0.5734265574849933,0.002590743922272233
Two-Locus Theory,0.01,42,0.030538555088334154,0.5691583606843633,0.0026001389999550533
Two-Locus Theory,0.01,42,0.03511191734215131,0.5617014782708958,0.0026163049122972623
Two-Locus Theory,0.01,42,0.040370172585965536,0.5563679945727614,0.002627676661966543
Two-Locus Theory,0.01,42,0.04641588833612782,0.5474496310455803,0.00264634258501467
Two-Locus Theory,0.01,42,0.05336699231206313,0.5371936624793443,0.002667278009012152
Two-Locus Theory,0.01,42,0.061359072734131756,0.5245730051036511,0.00269228092715026
Two-Locus Theory,0.01,42,0.07054802310718646,0.5199985070736932,0.0027011407682015196
Two-Locus Theory,0.01,42,0.08111308307896872,0.50631004346671,0.002727022209636368
Two-Locus Theory,0.01,42,0.093260334688322,0.49154925243769076,0.002753896331233174
Two-Locus Theory,0.01,42,0.10722672220103231,0.4698699713408853,0.002791483109008563
Two-Locus Theory,0.01,42,0.12328467394420659,0.450281104468616,0.0028235843748965032
Two-Locus Theory,0.01,42,0.14174741629268048,0.4463151028319217,0.0028298742822977815
Two-Locus Theory,0.01,42,0.16297508346206452,0.42812834062863075,0.0028578356467784203
Two-Locus Theory,0.01,42,0.1873817422860385,0.41663644765012253,0.0028747705979807656
Two-Locus Theory,0.01,42,0.21544346900318845,0.3890454414060961,0.0029131780201928797
Two-Locus Theory,0.01,42,0.24770763559917114,0.3689852122242925,0.002939161769116501
Two-Locus Theory,0.01,42,0.2848035868435802,0.3477013151683492,0.0029649981076853276
Two-Locus Theory,0.01,42,0.32745491628777285,0.32168816473274386,0.0029942188553343696
Two-Locus Theory,0.01,42,0.37649358067924676,0.2983726395360002,0.003018264381753322
Two-Locus Theory,0.01,42,0.43287612810830617,0.27638435264960265,0.003039128431333076
Two-Locus Theory,0.01,42,0.49770235643321137,0.25618886320810924,0.003056772732944369
Two-Locus Theory,0.01,42,0.572236765935022,0.236340977688746,0.003072721636435096
Two-Locus Theory,0.01,42,0.6579332246575682,0.21402287918158258,0.0030890343012868193
Two-Locus Theory,0.01,42,0.7564633275546291,0.19553944556364194,0.003101263550393422
Two-Locus Theory,0.01,42,0.8697490026177834,0.17337635807415952,0.003114418144150997
Two-Locus Theory,0.01,42,1.0,0.1542653112576077,0.0031244547335132844
Two-Locus Theory,0.01,42,1.1497569953977356,0.14127470322051439,0.003130592690611707
Two-Locus Theory,0.01,42,1.3219411484660286,0.12904282244094023,0.003135869285108712
Two-Locus Theory,0.01,42,1.5199110829529332,0.10522854799008502,0.003144752345769903
Two-Locus Theory,0.01,42,1.747528400007683,0.09086232178721523,0.0031492282765098367
Two-Locus Theory,0.01,42,2.009233002565046,0.08419016063770558,0.0031510821561636683
Two-Locus Theory,0.01,42,2.310129700083158,0.07514543932978375,0.0031533681206115816
Two-Locus Theory,0.01,42,2.6560877829466896,0.06292629569471174,0.0031560421456536224
Two-Locus Theory,0.01,42,3.0538555088334185,0.05762300006038343,0.0031570548361637913
Two-Locus Theory,0.01,42,3.5111917342151346,0.0467562156717512,0.003158850760913399
Two-Locus Theory,0.01,42,4.037017258596558,0.04013329654026949,0.003159761520581173
Two-Locus Theory,0.01,42,4.641588833612782,0.03770826504392,0.0031600602189017723
Two-Locus Theory,0.01,42,5.336699231206313,0.028460236802992814,0.003161028312307721
Two-Locus Theory,0.01,42,6.135907273413176,0.02782180222343342,0.0031610851495011724
Two-Locus Theory,0.01,42,7.054802310718645,0.02234476947178434,0.003161519732171992
Two-Locus Theory,0.01,42,8.111308307896872,0.014868488720322186,0.0031619597151476392
Two-Locus Theory,0.01,42,9.326033468832199,0.012475461867694703,0.003162063187443272
Two-Locus Theory,0.01,42,10.722672220103231,0.013191226080475479,0.003162034137188059
Two-Locus Theory,0.01,42,12.32846739442066,0.012235192712346018,0.0031620725758041055
Two-Locus Theory,0.01,42,14.174741629268048,0.009974744356425494,0.0031621519616948862
Two-Locus Theory,0.01,42,16.297508346206435,0.00400268544413226,0.0031622839508633743
Two-Locus Theory,0.01,42,18.73817422860383,0.006618674995849716,0.0031622400172427656
Two-Locus Theory,0.01,42,21.544346900318867,0.009482268568392023,0.0031621671132065435
Two-Locus Theory,0.01,42,24.77076355991714,0.005414905919234648,0.003162262921718335
Two-Locus Theory,0.01,42,28.48035868435805,0.007240391627311659,0.0031622263930348267
Two-Locus Theory,0.01,42,32.745491628777316,0.0006322097481451132,0.003162308651448888
Two-Locus Theory,0.01,42,37.649358067924716,0.004173829575009375,0.0031622817382362736
Two-Locus Theory,0.01,42,43.287612810830616,0.007963093534641402,0.0031622090194563736
Two-Locus Theory,0.01,42,49.770235643321136,0.003957165164391594,0.0031622845237749882
Two-Locus Theory,0.01,42,57.223676593502205,0.0006416518410573095,0.0031623086324308832
Two-Locus Theory,0.01,42,65.79332246575683,0.0033019402013494837,0.003162292044345136
Two-Locus Theory,0.01,42,75.64633275546291,-0.003615190668553916,0.003162288618287459
Two-Locus Theory,0.01,42,86.97490026177834,-0.002917679787798913,0.003162295823249943
Two-Locus Theory,0.01,42,100.0,-0.004650903341008941,0.0031622750814334507
