scenario,N,ta,L,rec_rate_mean,rec_rate_se,corr_s1_s2,se_corr,seed,Ne
SerialConstant,200,0,1000,1.2172139269364097e-07,1.351064130279792e-08,0.22894286966475194,0.0013127686473060978,24,10000
SerialConstant,200,0,1000,1.7924347840296303e-07,2.0093595166351925e-08,0.2279120680762927,0.0013125613965925618,24,10000
SerialConstant,200,0,1000,2.6225352621582054e-07,2.9101960406707305e-08,0.22950912748662247,0.0013127619162855127,24,10000
SerialConstant,200,0,1000,3.861496371652161e-07,4.327914995562003e-08,0.2269634406484208,0.0013130163626053563,24,10000
SerialConstant,200,0,1000,5.649833548250392e-07,6.270916010650134e-08,0.22498909485995253,0.0013140279926529403,24,10000
SerialConstant,200,0,1000,8.318910168042774e-07,9.32144546076569e-08,0.2263106950074656,0.0013133906463324407,24,10000
SerialConstant,200,0,1000,1.2171636270520288e-06,1.3513129637483837e-07,0.2233858865485081,0.0013143556554522776,24,10000
SerialConstant,200,0,1000,1.792490161760184e-06,2.0097378185834323e-07,0.2179570286289082,0.001315528811879263,24,10000
SerialConstant,200,0,1000,2.6226027233129714e-06,2.909837164853114e-07,0.21698343341933532,0.001316733029896024,24,10000
SerialConstant,200,0,1000,3.86111242332735e-06,4.3255958275393304e-07,0.21087450611391817,0.0013182162724319523,24,10000
SerialConstant,200,0,1000,5.649315858553223e-06,6.273579890518729e-07,0.20683873028663227,0.0013191075458876514,24,10000
SerialConstant,200,0,1000,8.319622014106838e-06,9.326325043823469e-07,0.19353455729001073,0.0013226140049419249,24,10000
SerialConstant,200,0,1000,1.2172480791005254e-05,1.3509381593375724e-06,0.18287887374511785,0.001325957344555228,24,10000
SerialConstant,200,0,1000,1.79262934382514e-05,2.0107187646938584e-06,0.16339419620278162,0.0013295871907867054,24,10000
SerialConstant,200,0,1000,2.622757541693404e-05,2.909201255770252e-06,0.14378356058255062,0.0013350880016280361,24,10000
SerialConstant,200,0,1000,3.8619201393797036e-05,4.330957412393828e-06,0.12513299950665585,0.001337271330314168,24,10000
SerialConstant,200,0,1000,5.650299876341317e-05,6.269063201414285e-06,0.0955640321484516,0.0013427656970427442,24,10000
SerialConstant,200,0,1000,8.317442706526697e-05,9.313417008041571e-06,0.06557816247056261,0.0013460969662207538,24,10000
SerialConstant,200,0,2000,1.2171725627306773e-07,1.3512528568524408e-08,0.3113736612540539,0.0012814338852359336,24,10000
SerialConstant,200,0,2000,1.792341906706537e-07,2.008807172907925e-08,0.3091096255436465,0.001282177269567931,24,10000
SerialConstant,200,0,2000,2.622412233598443e-07,2.9107321408274152e-08,0.30537814928563334,0.0012841750396294868,24,10000
SerialConstant,200,0,2000,3.861598919913113e-07,4.328537891569042e-08,0.30311002482035876,0.001284694099437926,24,10000
SerialConstant,200,0,2000,5.649965780249465e-07,6.270293042305103e-08,0.3103021709137307,0.0012821150877524864,24,10000
SerialConstant,200,0,2000,8.31916514583516e-07,9.323109310142847e-08,0.30600965674038794,0.0012835923248373257,24,10000
SerialConstant,200,0,2000,1.2171971470085551e-06,1.3511658548293492e-07,0.3047351843586375,0.001284393228517683,24,10000
SerialConstant,200,0,2000,1.7925692006865072e-06,2.0102231978566388e-07,0.30014773846860066,0.0012856491107952111,24,10000
SerialConstant,200,0,2000,2.622703497036355e-06,2.909332337456392e-07,0.29338528671427777,0.0012896487686137115,24,10000
SerialConstant,200,0,2000,3.86190700013477e-06,4.330553178402929e-07,0.28884165280129614,0.0012904036341608892,24,10000
SerialConstant,200,0,2000,5.650344213538984e-06,6.268523884585907e-07,0.282890368129075,0.0012938500413234922,24,10000
SerialConstant,200,0,2000,8.319917724697222e-06,9.328174520405175e-07,0.2669456872822143,0.0012990657748256482,24,10000
SerialConstant,200,0,2000,1.2172870509742882e-05,1.350743706243613e-06,0.25506215936227467,0.0013042100551646446,24,10000
SerialConstant,200,0,2000,1.7925191456659654e-05,2.0100283351029007e-06,0.23039406705173648,0.0013116426409621941,24,10000
SerialConstant,200,0,2000,2.6226140242043353e-05,2.909906511284882e-06,0.2086034155959006,0.00131922475817391,24,10000
SerialConstant,200,0,2000,3.862124608572154e-05,4.332221491515006e-06,0.1786015935473126,0.0013260216614963778,24,10000
SerialConstant,200,0,2000,5.650561023713047e-05,6.2677833929420195e-06,0.14871124301267669,0.0013341136820739206,24,10000
SerialConstant,200,0,2000,8.319408350489476e-05,9.325695914747767e-06,0.1157450514731344,0.0013391508193608646,24,10000
SerialConstant,200,0,500,1.2172780366373977e-07,1.350762339538226e-08,0.1477202529752149,0.0013339875268570385,24,10000
SerialConstant,200,0,500,1.7924952371616528e-07,2.0097589243193936e-08,0.14631159749498218,0.0013334163209899356,24,10000
SerialConstant,200,0,500,2.6226168967411626e-07,2.909770751030768e-08,0.14442863214492077,0.0013347390012487077,24,10000
SerialConstant,200,0,500,3.861844861948442e-07,4.3300755318600984e-08,0.144200161618579,0.0013338099246716754,24,10000
SerialConstant,200,0,500,5.650285584047914e-07,6.268799901406872e-08,0.14293674173527718,0.0013350566836249301,24,10000
SerialConstant,200,0,500,8.319815100822431e-07,9.327134301081013e-08,0.140671007604375,0.001334610855896786,24,10000
SerialConstant,200,0,500,1.2172797558216973e-06,1.3507462994180473e-07,0.14152906474260438,0.0013352129228783901,24,10000
SerialConstant,200,0,500,1.7924027947931106e-06,2.0091875254166632e-07,0.13987592239534624,0.00133484881251191,24,10000
SerialConstant,200,0,500,2.6224878069338757e-06,2.9104270544755316e-07,0.13970242408063377,0.0013354765963352945,24,10000
SerialConstant,200,0,500,3.861961821932088e-06,4.330883487594418e-07,0.13535869323304026,0.0013354024977498128,24,10000
SerialConstant,200,0,500,5.650418096659067e-06,6.268170654431703e-07,0.12691981785093623,0.0013380889459945566,24,10000
SerialConstant,200,0,500,8.319566960270806e-06,9.325982748347094e-07,0.11759017879432163,0.001338772213755497,24,10000
SerialConstant,200,0,500,1.2172404024451706e-05,1.3509748323940658e-06,0.11751062345230441,0.0013393351430823386,24,10000
SerialConstant,200,0,500,1.7926123292839074e-05,2.0106180734956177e-06,0.09948036533980452,0.0013410455410853106,24,10000
SerialConstant,200,0,500,2.6227345736925388e-05,2.9093080214250136e-06,0.08902898211053573,0.0013437173047196101,24,10000
SerialConstant,200,0,500,3.861940753805872e-05,4.331078802290528e-06,0.07166672727465957,0.0013443826336428056,24,10000
SerialConstant,200,0,500,5.650325276074518e-05,6.26894792916384e-06,0.05947646131962853,0.0013465685443961317,24,10000
SerialConstant,200,0,500,8.320121606871823e-05,9.330116181480056e-06,0.04640438606863097,0.0013464747353990373,24,10000
SerialConstant,200,1000,1000,1.217136557201066e-07,1.3514449835572574e-08,0.22687693871936987,0.0013131855637058786,24,10000
SerialConstant,200,1000,1000,1.7923543066924026e-07,2.0088550415744805e-08,0.2277001040944564,0.0013127713893882217,24,10000
SerialConstant,200,1000,1000,2.622429168996709e-07,2.910667845195546e-08,0.22636944229191974,0.0013136098958955364,24,10000
SerialConstant,200,1000,1000,3.8611402050986765e-07,4.3256595988926135e-08,0.22433781927727398,0.0013141360900636512,24,10000
SerialConstant,200,1000,1000,5.64938432769042e-07,6.273266123530521e-08,0.2291120166297579,0.001312432159749243,24,10000
SerialConstant,200,1000,1000,8.318824549525825e-07,9.320971809593071e-08,0.2231950281679345,0.0013143895160044412,24,10000
SerialConstant,200,1000,1000,1.217153698510076e-06,1.3513641605505624e-07,0.2183471652165148,0.0013158643999232195,24,10000
SerialConstant,200,1000,1000,1.7921252062867528e-06,2.0074583672259304e-07,0.21872795222583666,0.0013159611788567914,24,10000
SerialConstant,200,1000,1000,2.622131965002093e-06,2.9121855768752726e-07,0.21678747962042458,0.001316126216742315,24,10000
SerialConstant,200,1000,1000,3.861268089021815e-06,4.326546087622635e-07,0.2140378866359186,0.0013171558358015976,24,10000
SerialConstant,200,1000,1000,5.6495202614751884e-06,6.27260762587184e-07,0.2013345484014676,0.0013207879188506292,24,10000
SerialConstant,200,1000,1000,8.31801861864254e-06,9.316287873574201e-07,0.19579044647881153,0.001322642792928855,24,10000
SerialConstant,200,1000,1000,1.2170404115058512e-05,1.351950799297974e-06,0.18031358955867532,0.001325962071636059,24,10000
SerialConstant,200,1000,1000,1.79231096357924e-05,2.008738220745082e-06,0.16271211578038186,0.0013303239717067817,24,10000
SerialConstant,200,1000,1000,2.622345714472031e-05,2.911222936288268e-06,0.14747167895413515,0.0013337682544921458,24,10000
SerialConstant,200,1000,1000,3.861098338791323e-05,4.325828919014119e-06,0.11444813347621473,0.0013397150858579351,24,10000
SerialConstant,200,1000,1000,5.649234548880177e-05,6.274303935066784e-06,0.09200110280520814,0.0013425101796675672,24,10000
SerialConstant,200,1000,1000,8.317117353184442e-05,9.311384696628514e-06,0.07342727132931733,0.0013454890282971403,24,10000
SerialConstant,200,1000,2000,1.2170992742910914e-07,1.3516284083707207e-08,0.30888214171954564,0.0012823002211131492,24,10000
SerialConstant,200,1000,2000,1.7922715568818693e-07,2.00834266195653e-08,0.3106898893150008,0.0012816156251894352,24,10000
SerialConstant,200,1000,2000,2.6223210376287466e-07,2.911217114213829e-08,0.30926795876800156,0.0012823526327476879,24,10000
SerialConstant,200,1000,2000,3.861269837822427e-07,4.3264929246500337e-08,0.3043195819559462,0.001284441613852197,24,10000
SerialConstant,200,1000,2000,5.649544708283818e-07,6.272454965897556e-08,0.3094400836720375,0.0012822269997296212,24,10000
SerialConstant,200,1000,2000,8.320360968452598e-07,9.330504373133797e-08,0.3052407317881162,0.001283466716517754,24,10000
SerialConstant,200,1000,2000,1.2173532336564902e-06,1.350392902059021e-07,0.30512032694749297,0.0012846860926088587,24,10000
SerialConstant,200,1000,2000,1.7922758745585699e-06,2.0083877541386919e-07,0.29549925454359455,0.0012881233064622926,24,10000
SerialConstant,200,1000,2000,2.6223262421169325e-06,2.9112152947960675e-07,0.2958442738130251,0.001288105784600525,24,10000
SerialConstant,200,1000,2000,3.861123452346494e-06,4.325637012309731e-07,0.288692029013436,0.0012911143501365852,24,10000
SerialConstant,200,1000,2000,5.6493296770653615e-06,6.273536341564983e-07,0.2798708035168569,0.001294392160912843,24,10000
SerialConstant,200,1000,2000,8.318675134790622e-06,9.320361975267059e-07,0.2667215611480997,0.0012996300769827212,24,10000
SerialConstant,200,1000,2000,1.2171258192054133e-05,1.3515376332855362e-06,0.25174583655312355,0.0013048987857691699,24,10000
SerialConstant,200,1000,2000,1.7924189392886902e-05,2.009413326889065e-06,0.2253274002777413,0.0013134222079979156,24,10000
SerialConstant,200,1000,2000,2.6224848086107026e-05,2.910540042454055e-06,0.19809419446264076,0.0013219861695486913,24,10000
SerialConstant,200,1000,2000,3.861313790858041e-05,4.327174892523362e-06,0.16869749492246214,0.0013290646224829907,24,10000
SerialConstant,200,1000,2000,5.649513180206775e-05,6.272945357198625e-06,0.14633959961305087,0.0013338979605177115,24,10000
SerialConstant,200,1000,2000,8.317669347178156e-05,9.314825705581722e-06,0.11561622095148107,0.0013398641094996974,24,10000
SerialConstant,200,1000,500,1.2170823262798212e-07,1.3517179918817324e-08,0.14608586212578972,0.0013337109026314879,24,10000
SerialConstant,200,1000,500,1.7923997500265113e-07,2.009151659162929e-08,0.14196146630989823,0.0013344474097135464,24,10000
SerialConstant,200,1000,500,2.6224909554696703e-07,2.910376151199791e-08,0.14758386059554435,0.001333934911124227,24,10000
SerialConstant,200,1000,500,3.8615410435102677e-07,4.328154726570909e-08,0.14572985151032347,0.001333767145520386,24,10000
SerialConstant,200,1000,500,5.649897580059927e-07,6.270688840414153e-08,0.14021599748548527,0.0013353216097523914,24,10000
SerialConstant,200,1000,500,8.320059213611428e-07,9.328688945806694e-08,0.13908106428745798,0.0013348129678110035,24,10000
SerialConstant,200,1000,500,1.2173127295183927e-06,1.3505831529655573e-07,0.1372240279467245,0.0013361310836001452,24,10000
SerialConstant,200,1000,500,1.7922286687559278e-06,2.008121292295111e-07,0.1354267608258403,0.001336000480062919,24,10000
SerialConstant,200,1000,500,2.622265009075473e-06,2.911499719123675e-07,0.13287576177465346,0.001336424838183498,24,10000
SerialConstant,200,1000,500,3.861299931143228e-06,4.3267781883736026e-07,0.13095999031592567,0.001336762535691033,24,10000
SerialConstant,200,1000,500,5.649566941511933e-06,6.272384128907125e-07,0.12750020541535095,0.0013374240005527705,24,10000
SerialConstant,200,1000,500,8.31878991962725e-06,9.321094811105592e-07,0.12444311852861213,0.0013379535416051561,24,10000
SerialConstant,200,1000,500,1.2171409490919242e-05,1.3514631557755802e-06,0.11171672160647295,0.0013399284166154416,24,10000
SerialConstant,200,1000,500,1.7921646124204558e-05,2.0078279872644535e-06,0.10143247706308038,0.001341608695869855,24,10000
SerialConstant,200,1000,500,2.6221569439046916e-05,2.912161548754933e-06,0.08939427615286556,0.0013428424696240676,24,10000
SerialConstant,200,1000,500,3.861403651682506e-05,4.327735124582389e-06,0.07130401543811805,0.0013448807445494862,24,10000
SerialConstant,200,1000,500,5.649630995989019e-05,6.272364297922198e-06,0.057065771416168275,0.0013462941971052272,24,10000
SerialConstant,200,1000,500,8.317770957614843e-05,9.315470144709029e-06,0.0433766353455957,0.0013475998902148206,24,10000
SerialConstant,200,10000,1000,1.2171549573920523e-07,1.351324067634165e-08,0.19420681642550366,0.0013227197978049824,24,10000
SerialConstant,200,10000,1000,1.7920800726747318e-07,2.0070784374038912e-08,0.1900132509408118,0.001324114440595176,24,10000
SerialConstant,200,10000,1000,2.622093279352768e-07,2.9122998263348497e-08,0.18925546558115366,0.0013237557350551743,24,10000
SerialConstant,200,10000,1000,3.86130123507212e-07,4.3265301296980734e-08,0.18660048403030602,0.0013246741230177252,24,10000
SerialConstant,200,10000,1000,5.649620314980786e-07,6.271957494327717e-08,0.18473808189842328,0.0013252377728663858,24,10000
SerialConstant,200,10000,1000,8.318706157241888e-07,9.31986583873401e-08,0.18617350945003688,0.0013248724676698132,24,10000
SerialConstant,200,10000,1000,1.2171421406963464e-06,1.3513961496723336e-07,0.18778250372880664,0.0013243704115189628,24,10000
SerialConstant,200,10000,1000,1.7923630962937827e-06,2.008878238064781e-07,0.1829813706532527,0.0013254061479880323,24,10000
SerialConstant,200,10000,1000,2.6224451330601328e-06,2.910541302821619e-07,0.17779415042228233,0.0013271494921276604,24,10000
SerialConstant,200,10000,1000,3.861412029722259e-06,4.3273100123109305e-07,0.17128004418956722,0.0013283492159707401,24,10000
SerialConstant,200,10000,1000,5.649726595056286e-06,6.271483636843672e-07,0.16638474919621188,0.0013297336108633534,24,10000
SerialConstant,200,10000,1000,8.318390363426024e-06,9.318409643045702e-07,0.15402481611191174,0.0013324982292743008,24,10000
SerialConstant,200,10000,1000,1.2170926226431617e-05,1.3516817059221507e-06,0.14207044349645745,0.0013345379032660783,24,10000
SerialConstant,200,10000,1000,1.79207801014039e-05,2.0072462640204352e-06,0.12397146939475513,0.0013383178944990591,24,10000
SerialConstant,200,10000,1000,2.6220493028612216e-05,2.9126567254844665e-06,0.10612693882491918,0.0013404691761632504,24,10000
SerialConstant,200,10000,1000,3.861835719251561e-05,4.330394012774205e-06,0.08257259907539509,0.0013433334710488448,24,10000
SerialConstant,200,10000,1000,5.650193541237538e-05,6.269551084015188e-06,0.06784066969145465,0.0013457606655727689,24,10000
SerialConstant,200,10000,1000,8.319868596224722e-05,9.328535212333855e-06,0.04783392666369966,0.0013464841473690998,24,10000
SerialConstant,200,10000,2000,1.2170288925096028e-07,1.3519535365563459e-08,0.2548173050400022,0.0013035017376156644,24,10000
SerialConstant,200,10000,2000,1.7922059798466684e-07,2.0079132521357034e-08,0.25503055165660654,0.001303865526153738,24,10000
SerialConstant,200,10000,2000,2.622253582614466e-07,2.911534790412432e-08,0.25353076638378275,0.001304296468617002,24,10000
SerialConstant,200,10000,2000,3.861190649430913e-07,4.325853268470092e-08,0.25073462980696626,0.0013053784696647262,24,10000
SerialConstant,200,10000,2000,5.64946687751308e-07,6.272648041710878e-08,0.24934202226722504,0.0013057636951598211,24,10000
SerialConstant,200,10000,2000,8.318097373439187e-07,9.316206999465115e-08,0.2475862832555398,0.0013066952547090764,24,10000
SerialConstant,200,10000,2000,1.2170659018115993e-06,1.351781161067188e-07,0.24720510926671233,0.0013062777632697911,24,10000
SerialConstant,200,10000,2000,1.79215206161421e-06,2.0075730630441562e-07,0.2460790505602625,0.0013070870301353395,24,10000
SerialConstant,200,10000,2000,2.6221774114581194e-06,2.911863469936996e-07,0.23714445267037038,0.0013097893627617933,24,10000
SerialConstant,200,10000,2000,3.862078127283156e-06,4.33151310802581e-07,0.23576951520886227,0.0013097013627168493,24,10000
SerialConstant,200,10000,2000,5.650597085805488e-06,6.267189961741572e-07,0.22456593728809796,0.0013146534709566923,24,10000
SerialConstant,200,10000,2000,8.31830997583141e-06,9.317943624365659e-07,0.2104340367811166,0.0013184233956781333,24,10000
SerialConstant,200,10000,2000,1.2170835713691606e-05,1.3517311654960155e-06,0.20058233554594307,0.0013207834834962824,24,10000
SerialConstant,200,10000,2000,1.7920761385747843e-05,2.0072441745204958e-06,0.17738765270329757,0.0013273341293829556,24,10000
SerialConstant,200,10000,2000,2.622047868312396e-05,2.9126631183747434e-06,0.15458311559596274,0.0013318769035327842,24,10000
SerialConstant,200,10000,2000,3.86204774190615e-05,4.3317035350257805e-06,0.12276180634615039,0.0013375599906591457,24,10000
SerialConstant,200,10000,2000,5.6504686929656013e-05,6.268202875601945e-06,0.09291367494767053,0.001343215337627033,24,10000
SerialConstant,200,10000,2000,8.32039337334275e-05,9.331804590833021e-06,0.06841470731002006,0.001344658637966474,24,10000
SerialConstant,200,10000,500,1.217158071862347e-07,1.3513194891833899e-08,0.11849935782237662,0.0013389039430891086,24,10000
SerialConstant,200,10000,500,1.7922451283022034e-07,2.00812954888662e-08,0.1202196829115295,0.001338600733608771,24,10000
SerialConstant,200,10000,500,2.62230512865225e-07,2.911280476183746e-08,0.11807468021933219,0.00133899163407192,24,10000
SerialConstant,200,10000,500,3.861370400264765e-07,4.326988157582999e-08,0.11609347104066235,0.0013391824143514784,24,10000
SerialConstant,200,10000,500,5.649696483307625e-07,6.27154348716843e-08,0.11754442686068171,0.0013391568141169036,24,10000
SerialConstant,200,10000,500,8.318188134733685e-07,9.316647939238157e-08,0.11792979383377185,0.0013392425490427542,24,10000
SerialConstant,200,10000,500,1.217076517943012e-06,1.3517070046854348e-07,0.11555244433906572,0.0013391202025584738,24,10000
SerialConstant,200,10000,500,1.7921606481302291e-06,2.007634558885695e-07,0.11740108136287304,0.0013392137750172948,24,10000
SerialConstant,200,10000,500,2.622189402747818e-06,2.911829646992863e-07,0.1090525418639102,0.0013402238355254461,24,10000
SerialConstant,200,10000,500,3.86111494441247e-06,4.3255079193730464e-07,0.10722172018311996,0.0013407531500126994,24,10000
SerialConstant,200,10000,500,5.649346342644107e-06,6.273331191544809e-07,0.10274848770794506,0.00134114122522244,24,10000
SerialConstant,200,10000,500,8.319011340892353e-06,9.322371031039053e-07,0.09711372657460748,0.0013419640151471864,24,10000
SerialConstant,200,10000,500,1.2171739291464428e-05,1.3512826583765683e-06,0.08827671914037134,0.0013432027204361985,24,10000
SerialConstant,200,10000,500,1.792126356185749e-05,2.007556357728245e-06,0.07916181056643734,0.0013443991615512236,24,10000
SerialConstant,200,10000,500,2.6221118166639537e-05,2.9123480381275496e-06,0.06869459947950288,0.0013449882650500055,24,10000
SerialConstant,200,10000,500,3.8614429490294817e-05,4.327941566152364e-06,0.053924602713176735,0.001346314206515509,24,10000
SerialConstant,200,10000,500,5.649685823049149e-05,6.272059703845948e-06,0.03913148544803244,0.0013474955759758675,24,10000
SerialConstant,200,10000,500,8.319500200220924e-05,9.326234557270249e-06,0.024467180803576866,0.0013477718579398114,24,10000
TennessenEuropean,200,0,1000,1.217233877627924e-07,1.3510139916156523e-08,0.23216578713159688,0.0013118044339466388,24,10000
TennessenEuropean,200,0,1000,1.792446162074172e-07,2.0095411587987608e-08,0.2286903630909871,0.0013123082176572235,24,10000
TennessenEuropean,200,0,1000,2.622528025081402e-07,2.910256704962032e-08,0.22604004390533217,0.0013138636118360575,24,10000
TennessenEuropean,200,0,1000,3.8614892971640075e-07,4.328032373179461e-08,0.22852265415931697,0.0013125473609693701,24,10000
TennessenEuropean,200,0,1000,5.649782332508675e-07,6.27139044290101e-08,0.22784245534988798,0.0013131108144207194,24,10000
TennessenEuropean,200,0,1000,8.319494311038109e-07,9.325583428425099e-08,0.22817454572546625,0.001312589443243343,24,10000
TennessenEuropean,200,0,1000,1.2172311373029747e-06,1.3510329132404467e-07,0.2237275145489822,0.001314465119033948,24,10000
TennessenEuropean,200,0,1000,1.792307970356337e-06,2.008680739614188e-07,0.22233954015352322,0.0013145431718034374,24,10000
TennessenEuropean,200,0,1000,2.6223493512285924e-06,2.911168949904664e-07,0.22231612086757688,0.0013147654988749618,24,10000
TennessenEuropean,200,0,1000,3.86143347593796e-06,4.327760591838767e-07,0.21599502159928882,0.0013164491591654405,24,10000
TennessenEuropean,200,0,1000,5.649699417038707e-06,6.271872672514702e-07,0.21280581301908474,0.0013176397523047558,24,10000
TennessenEuropean,200,0,1000,8.320181752557664e-06,9.330072475581522e-07,0.2032574859541085,0.00131974970467478,24,10000
TennessenEuropean,200,0,1000,1.2173153605426623e-05,1.3506310026536793e-06,0.19278465775985365,0.0013236143029410204,24,10000
TennessenEuropean,200,0,1000,1.7924118089781328e-05,2.0094044328716013e-06,0.18741648535977354,0.0013242227356411711,24,10000
TennessenEuropean,200,0,1000,2.6224679547179285e-05,2.9106610170220426e-06,0.1726495024585431,0.001328441116971399,24,10000
TennessenEuropean,200,0,1000,3.861559824224332e-05,4.328770846881462e-06,0.1496461271571352,0.0013329993342517431,24,10000
TennessenEuropean,200,0,1000,5.6498252543878164e-05,6.271454318098049e-06,0.12983538784440393,0.0013372087613954316,24,10000
TennessenEuropean,200,0,1000,8.318746560196452e-05,9.321614352206815e-06,0.11134747719900763,0.0013400939381496668,24,10000
TennessenEuropean,200,0,2000,1.2172266916232804e-07,1.3510501958921898e-08,0.32754210081352303,0.0012742421409986408,24,10000
TennessenEuropean,200,0,2000,1.7925496623417217e-07,2.0101919309579002e-08,0.3259377147061963,0.0012742348600566045,24,10000
TennessenEuropean,200,0,2000,2.622667959962671e-07,2.909633272161445e-08,0.3291608727555794,0.001273793716813768,24,10000
TennessenEuropean,200,0,2000,3.861457236048899e-07,4.327894659790357e-08,0.32503699457304297,0.0012750384926554566,24,10000
TennessenEuropean,200,0,2000,5.649745339467453e-07,6.271596219738689e-08,0.3265671557089355,0.001274621850563292,24,10000
TennessenEuropean,200,0,2000,8.320025895425894e-07,9.328875843741842e-08,0.32602668497309656,0.0012742919002564097,24,10000
TennessenEuropean,200,0,2000,1.2173001327550496e-06,1.350694372575893e-07,0.32581432130412913,0.0012752597870308161,24,10000
TennessenEuropean,200,0,2000,1.7924898441352513e-06,2.0098297288618392e-07,0.3215224417514961,0.0012763777256354692,24,10000
TennessenEuropean,200,0,2000,2.6225867664126526e-06,2.910002732820044e-07,0.3189715514996101,0.0012783951858816136,24,10000
TennessenEuropean,200,0,2000,3.861426709037124e-06,4.3277220433866985e-07,0.31256485908046255,0.0012807248114888815,24,10000
TennessenEuropean,200,0,2000,5.649693978676444e-06,6.271884685523714e-07,0.31201481080761384,0.001281203859032245,24,10000
TennessenEuropean,200,0,2000,8.318236876633553e-06,9.317929103750547e-07,0.3000331719422242,0.001286531111840719,24,10000
TennessenEuropean,200,0,2000,1.217064168277083e-05,1.3518656585659617e-06,0.28964942842387487,0.0012903477784688905,24,10000
TennessenEuropean,200,0,2000,1.7925506379968097e-05,2.0102690064248883e-06,0.27508157408782336,0.0012958531828606843,24,10000
TennessenEuropean,200,0,2000,2.6226476242024816e-05,2.9097733614308114e-06,0.25274270307425906,0.001305157165966465,24,10000
TennessenEuropean,200,0,2000,3.862342212545449e-05,4.333637022548402e-06,0.2317206528213129,0.001310827473837825,24,10000
TennessenEuropean,200,0,2000,5.650837202860684e-05,6.266449246075708e-06,0.2048834103280143,0.0013206792430814523,24,10000
TennessenEuropean,200,0,2000,8.319774262848102e-05,9.328011310302305e-06,0.17828465704881383,0.0013264701965459628,24,10000
TennessenEuropean,200,0,500,1.2171894574029572e-07,1.3512302631865177e-08,0.1322527461966278,0.0013366757236589052,24,10000
TennessenEuropean,200,0,500,1.7923379882306558e-07,2.0088755167813976e-08,0.13392615326138396,0.0013360860228359898,24,10000
TennessenEuropean,200,0,500,2.622391891659126e-07,2.9109669251144486e-08,0.13575713605298534,0.0013360877103712736,24,10000
TennessenEuropean,200,0,500,3.861521028909146e-07,4.328245943010111e-08,0.13764477257707824,0.00133536247946479,24,10000
TennessenEuropean,200,0,500,5.649824508229286e-07,6.27120695825611e-08,0.13652277507465413,0.0013359822678463522,24,10000
TennessenEuropean,200,0,500,8.319110710075865e-07,9.323187117510222e-08,0.13397253007642929,0.0013361528650631183,24,10000
TennessenEuropean,200,0,500,1.2171817271474795e-06,1.3512707242436985e-07,0.13882426502230863,0.0013354391255014151,24,10000
TennessenEuropean,200,0,500,1.7925010538552323e-06,2.0098982115511126e-07,0.133396281383417,0.0013358837292414352,24,10000
TennessenEuropean,200,0,500,2.622599628902585e-06,2.9099365080748296e-07,0.1334613363393041,0.0013368073646317245,24,10000
TennessenEuropean,200,0,500,3.8612091171560755e-06,4.3263548704752853e-07,0.13114041916320307,0.001336822737812929,24,10000
TennessenEuropean,200,0,500,5.649411859860912e-06,6.273284519023054e-07,0.1301962581200616,0.00133685927752644,24,10000
TennessenEuropean,200,0,500,8.319933028839126e-06,9.328493642552003e-07,0.12281644489913657,0.0013377817497219416,24,10000
TennessenEuropean,200,0,500,1.2172831621406416e-05,1.3507923356837505e-06,0.11829566258593918,0.001339347086031578,24,10000
TennessenEuropean,200,0,500,1.7925653884565863e-05,2.0103630329038705e-06,0.10933553772366561,0.0013397436193655118,24,10000
TennessenEuropean,200,0,500,2.622666513907103e-05,2.909681524342031e-06,0.10321977363143045,0.0013417756551920151,24,10000
TennessenEuropean,200,0,500,3.862136631050576e-05,4.332345994234258e-06,0.08646494864290237,0.0013426347565046104,24,10000
TennessenEuropean,200,0,500,5.6505705696663664e-05,6.267768923271654e-06,0.08093589294853806,0.0013446974826475946,24,10000
TennessenEuropean,200,0,500,8.321002357829562e-05,9.33566127732432e-06,0.06471590064695013,0.0013447494012314104,24,10000
TennessenEuropean,200,1000,1000,1.2173617992205086e-07,1.3503684591220236e-08,0.21192197541597263,0.0013184071538121479,24,10000
TennessenEuropean,200,1000,1000,1.7927951943885646e-07,2.0116467922800994e-08,0.2124357421742761,0.0013166282754368066,24,10000
TennessenEuropean,200,1000,1000,2.622988100328167e-07,2.908003908642479e-08,0.2107198544692169,0.0013191275384674718,24,10000
TennessenEuropean,200,1000,1000,3.862307964831272e-07,4.333072770566386e-08,0.21448862891652504,0.0013161469628405172,24,10000
TennessenEuropean,200,1000,1000,5.650859546101848e-07,6.266006372373543e-08,0.21224893493733357,0.0013185550187086112,24,10000
TennessenEuropean,200,1000,1000,8.320691902778286e-07,9.332948678419625e-08,0.2124841696211604,0.0013168938347940726,24,10000
TennessenEuropean,200,1000,1000,1.2173887873828873e-06,1.3502303698229413e-07,0.21007836760151488,0.0013190304456456737,24,10000
TennessenEuropean,200,1000,1000,1.792673647218978e-06,2.0109341079609007e-07,0.20761490572501284,0.0013182402241302671,24,10000
TennessenEuropean,200,1000,1000,2.622830930780833e-06,2.908789171069052e-07,0.20509942795012706,0.0013205196302309402,24,10000
TennessenEuropean,200,1000,1000,3.8622837865803e-06,4.332991971358355e-07,0.20543037567914163,0.0013187921458253258,24,10000
TennessenEuropean,200,1000,1000,5.650816240256064e-06,6.266276237616866e-07,0.19611313126461596,0.0013230721893302524,24,10000
TennessenEuropean,200,1000,1000,8.320742446459477e-06,9.333465620744204e-07,0.19289482727871077,0.0013223489283452434,24,10000
TennessenEuropean,200,1000,1000,1.2173896239259738e-05,1.3502515889798523e-06,0.18396812152966635,0.0013261199136937892,24,10000
TennessenEuropean,200,1000,1000,1.7927239484832823e-05,2.0113415417423494e-06,0.16791235621988945,0.0013283930799085544,24,10000
TennessenEuropean,200,1000,1000,2.622875638736078e-05,2.9086293166583195e-06,0.15700363223525368,0.0013325469793851487,24,10000
TennessenEuropean,200,1000,1000,3.8620371879832585e-05,4.331712622542509e-06,0.1393650838301673,0.0013346136630654145,24,10000
TennessenEuropean,200,1000,1000,5.6504460716296005e-05,6.268360744162514e-06,0.12135570470956752,0.0013390681970065618,24,10000
TennessenEuropean,200,1000,1000,8.320905292668191e-05,9.335037381417138e-06,0.1027179518308495,0.0013404840491324504,24,10000
TennessenEuropean,200,1000,2000,1.2174987842883427e-07,1.3497110827084476e-08,0.31099900538229686,0.001282558192584426,24,10000
TennessenEuropean,200,1000,2000,1.7926425596158527e-07,2.010727920565547e-08,0.31571682763978165,0.0012787317944132545,24,10000
TennessenEuropean,200,1000,2000,2.6227895034980957e-07,2.908934164137014e-08,0.31254833626202894,0.001281555949174542,24,10000
TennessenEuropean,200,1000,2000,3.8621613915526463e-07,4.3321473589792406e-08,0.31220423771687356,0.0012802739158198069,24,10000
TennessenEuropean,200,1000,2000,5.650666308323312e-07,6.266921583088435e-08,0.3102334987680991,0.0012826026664211456,24,10000
TennessenEuropean,200,1000,2000,8.32064626923201e-07,9.332628219237e-08,0.31012272315312694,0.0012812423923694875,24,10000
TennessenEuropean,200,1000,2000,1.2173836843345758e-06,1.3502614524786246e-07,0.30707927156695536,0.0012839333632024376,24,10000
TennessenEuropean,200,1000,2000,1.7927991169256175e-06,2.0117219146629301e-07,0.30648938599051545,0.0012825242384349735,24,10000
TennessenEuropean,200,1000,2000,2.622995059543948e-06,2.907985894879969e-07,0.30347154776960744,0.0012858003166993034,24,10000
TennessenEuropean,200,1000,2000,3.862071304830145e-06,4.331650986012246e-07,0.29881284571849714,0.0012861437549172767,24,10000
TennessenEuropean,200,1000,2000,5.650540459663921e-06,6.267685782155369e-07,0.2864980027325262,0.0012925341249796119,24,10000
TennessenEuropean,200,1000,2000,8.321438884777154e-06,9.337770962072316e-07,0.2848765270979076,0.0012915500453069874,24,10000
TennessenEuropean,200,1000,2000,1.217479628614469e-05,1.3498077601122223e-06,0.2687704380346118,0.0012997737490629522,24,10000
TennessenEuropean,200,1000,2000,1.79264273227413e-05,2.010836095129717e-06,0.25493732889369347,0.0013031465595889228,24,10000
TennessenEuropean,200,1000,2000,2.6227704995211655e-05,2.909151573215297e-06,0.2381878920448238,0.0013102993116419694,24,10000
TennessenEuropean,200,1000,2000,3.862125036320243e-05,4.3322689361940595e-06,0.21610125072962988,0.0013158459011952755,24,10000
TennessenEuropean,200,1000,2000,5.650557860252191e-05,6.267802370915366e-06,0.18222694973554557,0.0013265260352246662,24,10000
TennessenEuropean,200,1000,2000,8.31867793836308e-05,9.32116167017057e-06,0.15313802782505925,0.0013326004933132927,24,10000
TennessenEuropean,200,1000,500,1.2174693627655532e-07,1.3498399483614223e-08,0.12817547977495217,0.00133825352008888,24,10000
TennessenEuropean,200,1000,500,1.792848802840735e-07,2.0119999889755615e-08,0.1293175925273926,0.0013359618492914593,24,10000
TennessenEuropean,200,1000,500,2.6230637984889813e-07,2.907625409577235e-08,0.1285457701816625,0.0013383362880142666,24,10000
TennessenEuropean,200,1000,500,3.8622200974572803e-07,4.332521927835905e-08,0.12797674841746018,0.0013365055411344298,24,10000
TennessenEuropean,200,1000,500,5.65074683555301e-07,6.266613399266649e-08,0.12954325686615958,0.001337850487871798,24,10000
TennessenEuropean,200,1000,500,8.320802563349448e-07,9.333556588040211e-08,0.1263043483577368,0.0013368308382849798,24,10000
TennessenEuropean,200,1000,500,1.2174046468158233e-06,1.3501648591651107e-07,0.12529801302830898,0.001338549773188853,24,10000
TennessenEuropean,200,1000,500,1.7927873601214483e-06,2.011646381187838e-07,0.12870388974811908,0.0013361870537133638,24,10000
TennessenEuropean,200,1000,500,2.6229776389222335e-06,2.9080427715187215e-07,0.12017370209113866,0.0013396340320471522,24,10000
TennessenEuropean,200,1000,500,3.862067199245309e-06,4.331664156636038e-07,0.12318977115555417,0.0013374557201435522,24,10000
TennessenEuropean,200,1000,500,5.650533684472682e-06,6.267689479566618e-07,0.11921024620096597,0.0013394639773033012,24,10000
TennessenEuropean,200,1000,500,8.321354756414815e-06,9.337218096557246e-07,0.11627415794483649,0.0013382735102618222,24,10000
TennessenEuropean,200,1000,500,1.2174690941401743e-05,1.349859844144078e-06,0.11145366066223937,0.0013409865159936332,24,10000
TennessenEuropean,200,1000,500,1.792834597773558e-05,2.0120145595508013e-06,0.1066289030042976,0.0013396398455509607,24,10000
TennessenEuropean,200,1000,500,2.6230184805078536e-05,2.9079213887828785e-06,0.0937308701779846,0.0013435448693782,24,10000
TennessenEuropean,200,1000,500,3.861682042254919e-05,4.329497799433757e-06,0.08311964086996326,0.001343408867902084,24,10000
TennessenEuropean,200,1000,500,5.649985310986774e-05,6.270642852561348e-06,0.06608864650418618,0.0013457821624366746,24,10000
TennessenEuropean,200,1000,500,8.319884920549653e-05,9.328673897390239e-06,0.05918978139479067,0.0013456589085755332,24,10000
TennessenEuropean,200,10000,1000,1.21732716617077e-07,1.350526397485167e-08,0.16301069105003219,0.0013308915599193375,24,10000
TennessenEuropean,200,10000,1000,1.7923562028357247e-07,2.0088829840546945e-08,0.1676557209609297,0.0013291073444753705,24,10000
TennessenEuropean,200,10000,1000,2.6224308883950476e-07,2.91074729608573e-08,0.16493522211782646,0.0013301454240320562,24,10000
TennessenEuropean,200,10000,1000,3.8617029621724864e-07,4.329254486100014e-08,0.16607002518919514,0.0013293060582172242,24,10000
TennessenEuropean,200,10000,1000,5.650098080435827e-07,6.269725321677438e-08,0.16237831796709368,0.0013308796588317941,24,10000
TennessenEuropean,200,10000,1000,8.320093372215571e-07,9.328905272604264e-08,0.16462372986576498,0.0013295109248757896,24,10000
TennessenEuropean,200,10000,1000,1.217315281187786e-06,1.3505744421092985e-07,0.1624717625688894,0.0013309811947065564,24,10000
TennessenEuropean,200,10000,1000,1.792323708760571e-06,2.0087165771442825e-07,0.16339000602957401,0.0013301293987952525,24,10000
TennessenEuropean,200,10000,1000,2.6223851393422323e-06,2.910924741645399e-07,0.15541142056792825,0.001332171466919992,24,10000
TennessenEuropean,200,10000,1000,3.8614123268374725e-06,4.3274801132868774e-07,0.15061867926250588,0.0013329019835926837,24,10000
TennessenEuropean,200,10000,1000,5.649700764748008e-06,6.271746845217241e-07,0.14731224846469293,0.0013338087821199282,24,10000
TennessenEuropean,200,10000,1000,8.319380319708106e-06,9.324773985278598e-07,0.14360888909287028,0.001334225223859757,24,10000
TennessenEuropean,200,10000,1000,1.2172164012453124e-05,1.3510901308485964e-06,0.13452230889602287,0.0013363464307561209,24,10000
TennessenEuropean,200,10000,1000,1.7922084503669767e-05,2.0081035771561366e-06,0.12544330616167126,0.001337829920427624,24,10000
TennessenEuropean,200,10000,1000,2.622213286293281e-05,2.9118709054154365e-06,0.1071854994669088,0.0013405548730418028,24,10000
TennessenEuropean,200,10000,1000,3.860988332870874e-05,4.325132409425541e-06,0.08664072598558074,0.0013435992007888385,24,10000
TennessenEuropean,200,10000,1000,5.6490946537111965e-05,6.274970875920664e-06,0.07190512407495192,0.0013446441248789198,24,10000
TennessenEuropean,200,10000,1000,8.320454863297667e-05,9.332193846159756e-06,0.05548317679206793,0.0013457160210324434,24,10000
TennessenEuropean,200,10000,2000,1.2172886206067148e-07,1.3506971674313268e-08,0.23994049269208556,0.0013094192849544414,24,10000
TennessenEuropean,200,10000,2000,1.7924155410283748e-07,2.0092824066282396e-08,0.2424578153203001,0.0013078475051112952,24,10000
TennessenEuropean,200,10000,2000,2.622513580960713e-07,2.910315808445606e-08,0.24169089582365724,0.0013087465790162806,24,10000
TennessenEuropean,200,10000,2000,3.861586833157299e-07,4.3285071571254133e-08,0.23959187493232412,0.0013088616991042217,24,10000
TennessenEuropean,200,10000,2000,5.649937391020869e-07,6.270477224360464e-08,0.234695901239416,0.0013110067393773068,24,10000
TennessenEuropean,200,10000,2000,8.319018034134717e-07,9.322199322538684e-08,0.23591276628578697,0.0013102781742133365,24,10000
TennessenEuropean,200,10000,2000,1.2171764540878258e-06,1.351270121970693e-07,0.23513568932197196,0.0013106607675515477,24,10000
TennessenEuropean,200,10000,2000,1.7923630899107322e-06,2.0089687701997918e-07,0.23166815060537063,0.0013115005575801116,24,10000
TennessenEuropean,200,10000,2000,2.6224317916678913e-06,2.9106965182104675e-07,0.2310879345674805,0.0013121231059904483,24,10000
TennessenEuropean,200,10000,2000,3.862000973892962e-06,4.3311423934081166e-07,0.22549377163615755,0.001313057750537749,24,10000
TennessenEuropean,200,10000,2000,5.6504672550763395e-06,6.267919330263544e-07,0.21886787222211215,0.0013163271228991023,24,10000
TennessenEuropean,200,10000,2000,8.320362585065864e-06,9.330905284779161e-07,0.20970257101069337,0.001317837439544408,24,10000
TennessenEuropean,200,10000,2000,1.2173430464168654e-05,1.3504680370307314e-06,0.19722749008521312,0.0013225021629186433,24,10000
TennessenEuropean,200,10000,2000,1.792410591442313e-05,2.0093557811655257e-06,0.18178345342929617,0.00132564548446624,24,10000
TennessenEuropean,200,10000,2000,2.62247363577963e-05,2.910586994138656e-06,0.1614411724223527,0.0013310059360633578,24,10000
TennessenEuropean,200,10000,2000,3.8616091466018364e-05,4.329006425192947e-06,0.14284554210486525,0.001334308679508359,24,10000
TennessenEuropean,200,10000,2000,5.6498986190243306e-05,6.2710392926816654e-06,0.11496731659912258,0.0013397280474771408,24,10000
TennessenEuropean,200,10000,2000,8.318085836057981e-05,9.317427376713277e-06,0.08524332304086563,0.0013438326587724416,24,10000
TennessenEuropean,200,10000,500,1.2172840361751835e-07,1.3507353147882005e-08,0.09800715477263797,0.001342309670443294,24,10000
TennessenEuropean,200,10000,500,1.7923764798502414e-07,2.009012626233534e-08,0.09953556670052242,0.0013414560417602378,24,10000
TennessenEuropean,200,10000,500,2.622456066640126e-07,2.9105923075516327e-08,0.09776842718080618,0.0013421923999035253,24,10000
TennessenEuropean,200,10000,500,3.8621195493935817e-07,4.331812404555477e-08,0.09836053327599664,0.0013411285826379657,24,10000
TennessenEuropean,200,10000,500,5.650637642677963e-07,6.267067021750599e-08,0.09898384946398336,0.0013425163749986007,24,10000
TennessenEuropean,200,10000,500,8.319073506751758e-07,9.322504761508458e-08,0.09892293281623298,0.0013416993581439462,24,10000
TennessenEuropean,200,10000,500,1.217183169399675e-06,1.3512391079073954e-07,0.09428395981210379,0.001342484606169393,24,10000
TennessenEuropean,200,10000,500,1.792496530366278e-06,2.0097901990039648e-07,0.0962250696065763,0.0013416743280612402,24,10000
TennessenEuropean,200,10000,500,2.6226059078265835e-06,2.9098336093494807e-07,0.09362103518091588,0.0013429512051869432,24,10000
TennessenEuropean,200,10000,500,3.861865224204183e-06,4.330327507906591e-07,0.09254638408161682,0.0013421042150027897,24,10000
TennessenEuropean,200,10000,500,5.650287676438283e-06,6.268793880405e-07,0.09095083053849615,0.0013433253519178191,24,10000
TennessenEuropean,200,10000,500,8.319360767296992e-06,9.324685513179312e-07,0.08424029504150823,0.001343415068016961,24,10000
TennessenEuropean,200,10000,500,1.2172141831032202e-05,1.351100670364753e-06,0.07712696600274961,0.0013445800306037172,24,10000
TennessenEuropean,200,10000,500,1.792198077854885e-05,2.0080347166892695e-06,0.07291070882804086,0.0013449124054319334,24,10000
TennessenEuropean,200,10000,500,2.6221999077818158e-05,2.9119356016166352e-06,0.06887320720574157,0.0013451012444746049,24,10000
TennessenEuropean,200,10000,500,3.8620439504439806e-05,4.331718719605811e-06,0.05301484130467122,0.0013458625360814947,24,10000
TennessenEuropean,200,10000,500,5.6504617069317965e-05,6.2682576214237775e-06,0.042286780889947875,0.0013478407191794683,24,10000
TennessenEuropean,200,10000,500,8.317020530623587e-05,9.310744543408543e-06,0.02514895363697995,0.0013487434762236826,24,10000
