scenario,N,ta,L,rec_rate_mean,rec_rate_se,corr_s1_s2,se_corr
SerialConstant,200,0,1000,,,,
SerialConstant,200,0,1000,1.0000009803426006e-05,1.5390661373147983e-09,0.23074517533322628,0.0030769718873795877
SerialConstant,200,0,1000,,,,
SerialConstant,200,0,1000,1.999998931383314e-05,2.1035335055352804e-09,0.18915665478856833,0.0031052198710076763
SerialConstant,200,0,1000,,,,
SerialConstant,200,0,1000,2.9999994571301007e-05,2.397076290386911e-09,0.15968506097293503,0.0031217305644554018
SerialConstant,200,0,1000,,,,
SerialConstant,200,0,1000,4.0000005360505974e-05,2.585462891823287e-09,0.14189910448378332,0.003130310275087019
SerialConstant,200,0,1000,,,,
SerialConstant,200,0,1000,4.999997839822731e-05,2.721229277293439e-09,0.12574395106406389,0.003137209178447712
SerialConstant,200,0,1000,,,,
SerialConstant,200,0,1000,5.999998479651886e-05,2.8117131908321714e-09,0.11172240883714514,0.00314251150215987
SerialConstant,200,0,1000,,,,
SerialConstant,200,0,1000,,,,
SerialConstant,200,0,1000,7.00000018389096e-05,2.888792742300749e-09,0.11005721842778335,0.0031430990547790176
SerialConstant,200,0,1000,,,,
SerialConstant,200,0,1000,8.000000017753871e-05,2.9493428315421935e-09,0.08845354467473852,0.003149913989858709
SerialConstant,200,0,1000,,,,
SerialConstant,200,0,1000,9.000000537139527e-05,2.9903211593120226e-09,0.08404523976121987,0.003151120843126482
SerialConstant,200,0,1000,,,,
SerialConstant,200,0,1000,0.00010000000463344282,3.0399788802279388e-09,0.0765690759089667,0.00315302562589593
SerialConstant,200,0,1000,,,,
SerialConstant,200,0,1000,0.00010999998779137195,3.061257930886331e-09,0.06876626917119118,0.0031548234594766093
SerialConstant,200,0,1000,,,,
SerialConstant,200,0,1000,0.00012000000472142761,3.089853659068097e-09,0.06735917969854015,0.0031551270189381455
SerialConstant,200,0,1000,,,,
SerialConstant,200,0,1000,,,,
SerialConstant,200,0,1000,0.0001299999997241262,3.108454360702268e-09,0.05850245204958145,0.0031568930850633626
SerialConstant,200,0,1000,,,,
SerialConstant,200,0,1000,0.0001399999862160387,3.129831814644502e-09,0.050416900174791876,0.003158287646397142
SerialConstant,200,0,1000,,,,
SerialConstant,200,0,1000,0.00014999999397305507,3.150871704766746e-09,0.056763242371241446,0.0031572105889105797
SerialConstant,200,0,1000,,,,
SerialConstant,200,0,1000,0.00016000000142253935,3.178505091416016e-09,0.045698338822335746,0.0031590055721085523
SerialConstant,200,0,1000,,,,
SerialConstant,200,0,1000,0.00016999999227219366,3.179814124401627e-09,0.05184975116806896,0.0031580556517180123
SerialConstant,200,0,1000,,,,
SerialConstant,200,0,1000,0.00018000000133694882,3.190573367516504e-09,0.045509714912534485,0.0031590328026550726
SerialConstant,200,0,1000,,,,
SerialConstant,200,0,1000,0.00019000000522556345,3.19840695642848e-09,0.046910029914722456,0.0031588279558746302
SerialConstant,200,0,1000,,,,
SerialConstant,200,0,1000,,,,
SerialConstant,200,0,1000,0.00020000000314033764,3.2029744040340923e-09,0.03670432509364429,0.0031601784221381227
SerialConstant,200,0,1000,,,,
SerialConstant,200,0,1000,0.00021000000523640257,3.215056325340622e-09,0.04003839677131701,0.0031597735601176947
SerialConstant,200,0,1000,,,,
SerialConstant,200,0,1000,0.00021999998380415928,3.2254192502976795e-09,0.042823215628370014,0.003159408387540244
SerialConstant,200,0,1000,,,,
SerialConstant,200,0,1000,0.00023000001671185744,3.240779246429535e-09,0.039702163755298954,0.0031598159868373487
SerialConstant,200,0,1000,,,,
SerialConstant,200,0,1000,0.00023999999144423687,3.2380611070091913e-09,0.03394277147179266,0.0031604870916080736
SerialConstant,200,0,1000,,,,
SerialConstant,200,0,1000,0.0002500000084088693,3.2347718252237608e-09,0.031948729245583764,0.0031606949531468014
SerialConstant,200,0,1000,,,,
SerialConstant,200,0,1000,,,,
SerialConstant,200,0,1000,0.000259999989214075,3.2441786819467578e-09,0.03192427070235832,0.0031606974245513312
SerialConstant,200,0,1000,,,,
SerialConstant,200,0,1000,0.000269999997820989,3.2436431923937128e-09,0.0273291263324694,0.0031611281282415463
SerialConstant,200,0,1000,,,,
SerialConstant,200,0,1000,0.0002800000013743176,3.2493782440677035e-09,0.0241343828402686,0.0031613881766011046
SerialConstant,200,0,1000,,,,
SerialConstant,200,0,1000,0.0002899999938021796,3.248156511565757e-09,0.024291740677554203,0.003161376124305447
SerialConstant,200,0,1000,,,,
SerialConstant,200,0,1000,0.00029999999474171626,3.252796762505296e-09,0.030194633637586104,0.0031608673908672873
SerialConstant,200,0,1000,,,,
SerialConstant,200,0,1000,0.00030999999807241436,3.272060492432076e-09,0.030661315468097815,0.003160822464693442
SerialConstant,200,0,1000,,,,
SerialConstant,200,0,1000,,,,
SerialConstant,200,0,1000,0.00031999999564567247,3.2751054902380848e-09,0.026688003663822086,0.003161182906152651
SerialConstant,200,0,1000,,,,
SerialConstant,200,0,1000,0.00032999998795307057,3.2628287759025397e-09,0.019837848704167292,0.0031616869742082886
SerialConstant,200,0,1000,,,,
SerialConstant,200,0,1000,0.00033999999681118054,3.2738626031742615e-09,0.02224595041034071,0.0031615267011247975
SerialConstant,200,0,1000,,,,
SerialConstant,200,0,1000,0.00034999999605946216,3.267983701473474e-09,0.02083689969382798,0.003161622708875074
SerialConstant,200,0,1000,,,,
SerialConstant,200,0,1000,0.0003600000115639667,3.27582546221255e-09,0.023679725228535523,0.0031614225592259838
SerialConstant,200,0,1000,,,,
SerialConstant,200,0,1000,0.0003700000304585159,3.2675166044830444e-09,0.019482350584748835,0.0031617090802670464
SerialConstant,200,0,1000,,,,
SerialConstant,200,0,1000,,,,
SerialConstant,200,0,1000,0.0003800000159676509,3.280030625877492e-09,0.01767437862421176,0.0031618153179660225
SerialConstant,200,0,1000,,,,
SerialConstant,200,0,1000,0.00038999998481671936,3.274675061595971e-09,0.013090858070455605,0.0031620383084452145
SerialConstant,200,0,1000,,,,
SerialConstant,200,0,1000,0.00040000000578437777,3.280013055809221e-09,0.013505871075252213,0.003162020854134682
SerialConstant,200,0,1000,,,,
SerialConstant,200,0,1000,0.00040999998808797166,3.27334959339726e-09,0.01964564834443104,0.0031616989755224177
SerialConstant,200,0,1000,,,,
SerialConstant,200,0,1000,0.00042000001437219404,3.261423683032215e-09,0.014806577687886778,0.0031619626203868985
SerialConstant,200,0,1000,,,,
SerialConstant,200,0,1000,0.00043000000970581936,3.280997141682471e-09,0.01613963558346287,0.003161897385041741
SerialConstant,200,0,1000,,,,
SerialConstant,200,0,1000,0.0004400000059948538,3.281187574898737e-09,0.01722596709142516,0.0031618400663584734
SerialConstant,200,0,1000,,,,
SerialConstant,200,0,1000,,,,
SerialConstant,200,0,1000,0.00044999999237705545,3.2866602797656117e-09,0.01911449913011065,0.0031617315335359915
SerialConstant,200,0,1000,,,,
SerialConstant,200,0,1000,0.00045999998438393255,3.2856139641639143e-09,0.01761435736888547,0.0031618186674903627
SerialConstant,200,0,1000,,,,
SerialConstant,200,0,1000,0.00046999999779108437,3.2842128138964827e-09,0.016934920659940515,0.003161855789131288
SerialConstant,200,0,1000,,,,
SerialConstant,200,0,1000,0.0004800000150998764,3.291635968484066e-09,0.02074063521258508,0.0031616290387193363
SerialConstant,200,0,1000,,,,
SerialConstant,200,0,1000,0.0004899999971681418,3.3044818005516756e-09,0.008942288788707188,0.003162182844605771
SerialConstant,200,0,1000,,,,
SerialConstant,200,0,1000,0.0005000000023309206,3.2887816116308063e-09,0.015073830890796346,0.003161949992453684
SerialConstant,200,0,1000,,,,
SerialConstant,200,0,1000,,,,
SerialConstant,200,0,1000,0.0005099999937572671,3.2898961417559917e-09,0.012743009145174356,0.0031620525183339116
SerialConstant,200,0,1000,,,,
SerialConstant,200,0,1000,0.0005200000043761154,3.3067882647712014e-09,0.010174566492687357,0.0031621455952030677
SerialConstant,200,0,1000,,,,
SerialConstant,200,0,1000,0.0005300000141812388,3.2940037444902793e-09,0.01526991216651003,0.003161940583753808
SerialConstant,200,0,1000,,,,
SerialConstant,200,0,1000,0.0005399999871243995,3.2998274814526715e-09,0.014914920852603061,0.003161957528314987
SerialConstant,200,0,1000,,,,
SerialConstant,200,0,1000,0.0005499999938008895,3.2810695210737016e-09,0.010703368603604217,0.0031621281378357447
SerialConstant,200,0,1000,,,,
SerialConstant,200,0,1000,0.0005600000033251009,3.2863312485990064e-09,0.016587838981992984,0.00316187418866513
SerialConstant,200,0,1000,,,,
SerialConstant,200,0,1000,,,,
SerialConstant,200,0,1000,0.0005699999917003125,3.2881037777935004e-09,0.014448690209385145,0.0031619791769963708
SerialConstant,200,0,1000,,,,
SerialConstant,200,0,1000,0.0005800000103573997,3.3096598744058592e-09,0.014591057001747263,0.003161972639346387
SerialConstant,200,0,1000,,,,
SerialConstant,200,0,1000,0.0005899999998602433,3.2885413628602633e-09,0.009702927593533042,0.0031621604192595115
SerialConstant,200,0,1000,,,,
SerialConstant,200,0,1000,0.0006000000142743382,3.2958692619453916e-09,0.016915162066786844,0.0031618568468064676
SerialConstant,200,0,1000,,,,
SerialConstant,200,0,1000,0.0006100000018680781,3.308055371847764e-09,0.01319396054532743,0.0031620340230988264
SerialConstant,200,0,1000,,,,
SerialConstant,200,0,1000,0.0006200000054670222,3.2836927463204507e-09,0.008570678569697492,0.0031621931351511453
SerialConstant,200,0,1000,,,,
SerialConstant,200,0,1000,,,,
SerialConstant,200,0,1000,0.000629999997949704,3.2984370987381107e-09,0.008179062695215282,0.003162203507042941
SerialConstant,200,0,1000,,,,
SerialConstant,200,0,1000,0.0006399999948421004,3.318275804610118e-09,0.0111505433833301,0.0031621126850501745
SerialConstant,200,0,1000,,,,
SerialConstant,200,0,1000,0.0006500000163382514,3.310950545848884e-09,0.006924422887143582,0.003162233469889148
SerialConstant,200,0,1000,,,,
SerialConstant,200,0,1000,0.0006599999975754906,3.3059456450880005e-09,0.010501876888769211,0.003162134893985373
SerialConstant,200,0,1000,,,,
SerialConstant,200,0,1000,0.000669999993302161,3.3018506502941193e-09,0.005726020318197975,0.00316225744118907
SerialConstant,200,0,1000,,,,
SerialConstant,200,0,1000,0.0006799999967621687,3.3018026663405166e-09,0.020509877412901785,0.0031616440927391652
SerialConstant,200,0,1000,,,,
SerialConstant,200,0,1000,,,,
SerialConstant,200,0,1000,0.0006899999903650343,3.3128487677726846e-09,0.016583701478753914,0.0031618744057042786
SerialConstant,200,0,1000,,,,
SerialConstant,200,0,1000,0.0006999999982034865,3.311701976539858e-09,0.01272551110094615,0.0031620532230315006
SerialConstant,200,0,1000,,,,
SerialConstant,200,0,1000,0.0007099999802356131,3.3175769909859216e-09,0.016997984943595508,0.003161852405045371
SerialConstant,200,0,1000,,,,
SerialConstant,200,0,1000,0.0007200000007069981,3.305836010346128e-09,0.014012489234258817,0.0031619988086942605
SerialConstant,200,0,1000,,,,
SerialConstant,200,0,1000,0.0007299999938716831,3.293188414140363e-09,0.01878858155952334,0.0031617510694908163
SerialConstant,200,0,1000,,,,
SerialConstant,200,0,1000,0.0007400000181441061,3.297261591923616e-09,0.009801511172882303,0.0031621573788432875
SerialConstant,200,0,1000,,,,
SerialConstant,200,0,1000,0.0007500000068844183,3.295806043055132e-09,0.0048396977138198995,0.003162272248332809
SerialConstant,200,0,1000,,,,
SerialConstant,200,0,1000,,,,
SerialConstant,200,0,1000,0.0007599999986961565,3.2907942555030433e-09,0.0077790901008834585,0.003162213599595861
SerialConstant,200,0,1000,,,,
SerialConstant,200,0,1000,0.0007699999964490429,3.301741407735894e-09,0.010393238282208892,0.0031621384834279254
SerialConstant,200,0,1000,,,,
SerialConstant,200,0,1000,0.0007799999851134781,3.3041479412530487e-09,0.010007685689451172,0.003162150920851239
SerialConstant,200,0,1000,,,,
SerialConstant,200,0,1000,0.0007899999901729973,3.302905028944905e-09,0.009857951198927387,0.0031621556243400556
SerialConstant,200,0,1000,,,,
SerialConstant,200,0,1000,0.0008000000144936537,3.304149923694474e-09,0.011967758886236022,0.0031620828108742606
SerialConstant,200,0,1000,,,,
SerialConstant,200,0,1000,0.0008100000069167748,3.3049968502571956e-09,0.008189999097376943,0.003162203223977302
SerialConstant,200,0,1000,,,,
SerialConstant,200,0,1000,,,,
SerialConstant,200,0,1000,0.0008199999989448504,3.3224470316718553e-09,0.012693202766343344,0.0031620545216379937
SerialConstant,200,0,1000,,,,
SerialConstant,200,0,1000,0.000829999996324663,3.2994226773956038e-09,0.009469006253138729,0.0031621675106282853
SerialConstant,200,0,1000,,,,
SerialConstant,200,0,1000,0.0008400000045758104,3.3082130784678967e-09,0.008964112609871643,0.0031621822266877458
SerialConstant,200,0,1000,,,,
SerialConstant,200,0,1000,0.0008500000007813567,3.304439130257446e-09,0.013363336857491937,0.003162026910158094
SerialConstant,200,0,1000,,,,
SerialConstant,200,0,1000,0.0008600000045924037,3.3001598105155545e-09,0.009508495371201334,0.0031621663256500565
SerialConstant,200,0,1000,,,,
SerialConstant,200,0,1000,0.0008700000026751855,3.311701987552159e-09,0.008262317003269655,0.003162201342660522
SerialConstant,200,0,1000,,,,
SerialConstant,200,0,1000,,,,
SerialConstant,200,0,1000,0.0008799999847395153,3.3089491417590394e-09,0.0033972786715631476,0.003162291034466627
SerialConstant,200,0,1000,,,,
SerialConstant,200,0,1000,0.0008899999953735002,3.301852455889198e-09,0.011030627823685357,0.0031621168909707936
SerialConstant,200,0,1000,,,,
SerialConstant,200,0,1000,0.000900000002980342,3.311127285123336e-09,0.0016010022398210842,0.003162305230588235
SerialConstant,200,0,1000,,,,
SerialConstant,200,0,1000,0.0009099999954586088,3.313141627810711e-09,0.012903850777765239,0.0031620459954037027
SerialConstant,200,0,1000,,,,
SerialConstant,200,0,1000,0.0009200000094137694,3.312516878455212e-09,0.002799857400388675,0.003162296888405259
SerialConstant,200,0,1000,,,,
SerialConstant,200,0,1000,0.0009300000206758228,3.312442477086976e-09,0.0010302076792102946,0.0031623076052954098
SerialConstant,200,0,1000,,,,
SerialConstant,200,0,1000,,,,
SerialConstant,200,0,1000,0.0009400000161951528,3.308822881687002e-09,0.010195890035922896,0.003162144908360808
SerialConstant,200,0,1000,,,,
SerialConstant,200,0,1000,0.0009500000041133853,3.315383666050652e-09,0.004312161125688565,0.003162279882133351
SerialConstant,200,0,1000,,,,
SerialConstant,200,0,1000,0.000959999983578896,3.3041361798836406e-09,0.004814734226871459,0.003162272629408619
SerialConstant,200,0,1000,,,,
SerialConstant,200,0,1000,0.0009700000062302128,3.3116620859717054e-09,0.004938803875021463,0.0031622707160021053
SerialConstant,200,0,1000,,,,
SerialConstant,200,0,1000,0.0009799999795462406,3.3103797378739733e-09,0.007981806300939559,0.0031622085476672346
SerialConstant,200,0,1000,,,,
SerialConstant,200,0,1000,0.0009900000050165336,3.324296756787171e-09,0.00624796502012435,0.0031622475591774253
SerialConstant,200,0,1000,,,,
SerialConstant,200,0,1000,0.0009999973087920196,1.9336120199648384e-09,-0.008032856992473608,0.004464141678945487
SerialConstant,200,10000,1000,,,,
SerialConstant,200,10000,1000,9.999998295869901e-06,1.7259298361106745e-09,0.1975845761116479,0.003099967023814734
SerialConstant,200,10000,1000,,,,
SerialConstant,200,10000,1000,1.9999992955475238e-05,2.335073893238474e-09,0.15182261752445236,0.0031256510237015708
SerialConstant,200,10000,1000,,,,
SerialConstant,200,10000,1000,3.0000019010501592e-05,2.6494026980110347e-09,0.120264826178898,0.003139356753708972
SerialConstant,200,10000,1000,,,,
SerialConstant,200,10000,1000,4.00000067806149e-05,2.85173461562961e-09,0.09949066268803916,0.0031466194724912386
SerialConstant,200,10000,1000,,,,
SerialConstant,200,10000,1000,4.999999948058655e-05,2.9824658847158818e-09,0.07867776976511584,0.0031525064395469364
SerialConstant,200,10000,1000,,,,
SerialConstant,200,10000,1000,6.000000412396573e-05,3.053907505202085e-09,0.07113741061713928,0.003154297652407027
SerialConstant,200,10000,1000,,,,
SerialConstant,200,10000,1000,,,,
SerialConstant,200,10000,1000,7.000000473487575e-05,3.1289933201999807e-09,0.060069255464515435,0.003156598822752417
SerialConstant,200,10000,1000,,,,
SerialConstant,200,10000,1000,8.000001771074381e-05,3.1741331422958166e-09,0.05565609344028668,0.0031574076989038338
SerialConstant,200,10000,1000,,,,
SerialConstant,200,10000,1000,8.999999740162598e-05,3.2163905136051206e-09,0.04056130192457598,0.0031597068665956164
SerialConstant,200,10000,1000,,,,
SerialConstant,200,10000,1000,9.999999780209566e-05,3.2474854532408375e-09,0.034152723769154326,0.0031604644730332254
SerialConstant,200,10000,1000,,,,
SerialConstant,200,10000,1000,0.00010999999683896904,3.2580700048368726e-09,0.03661187033116702,0.003160189147095067
SerialConstant,200,10000,1000,,,,
SerialConstant,200,10000,1000,0.00011999999370752822,3.2814144180728693e-09,0.023788723938845575,0.0031614143760270897
SerialConstant,200,10000,1000,,,,
SerialConstant,200,10000,1000,,,,
SerialConstant,200,10000,1000,0.0001299999985241131,3.2803733231904044e-09,0.02979100226724631,0.0031609056911484873
SerialConstant,200,10000,1000,,,,
SerialConstant,200,10000,1000,0.00013999998414019889,3.293307235335565e-09,0.02239016139186399,0.003161516520668945
SerialConstant,200,10000,1000,,,,
SerialConstant,200,10000,1000,0.0001500000159027943,3.307432969486245e-09,0.025621286328146583,0.003161271163563212
SerialConstant,200,10000,1000,,,,
SerialConstant,200,10000,1000,0.00015999999512045937,3.3127885631335842e-09,0.019427941404711404,0.003161712428326988
SerialConstant,200,10000,1000,,,,
SerialConstant,200,10000,1000,0.00017000000703581107,3.3068374336360457e-09,0.01825262857422748,0.0031617824645076976
SerialConstant,200,10000,1000,,,,
SerialConstant,200,10000,1000,0.00018000000144284211,3.307509205714363e-09,0.015572392593394269,0.0031619258311017355
SerialConstant,200,10000,1000,,,,
SerialConstant,200,10000,1000,0.00018999999687764661,3.3124558007283493e-09,0.006968260433508116,0.003162232506909298
SerialConstant,200,10000,1000,,,,
SerialConstant,200,10000,1000,,,,
SerialConstant,200,10000,1000,0.00020000002346343934,3.310527388656145e-09,0.019358441456781554,0.0031617166913707456
SerialConstant,200,10000,1000,,,,
SerialConstant,200,10000,1000,0.00021000001919479423,3.3155683379745875e-09,0.024179547161551154,0.003161384725410412
SerialConstant,200,10000,1000,,,,
SerialConstant,200,10000,1000,0.0002199999965846036,3.3143150549774033e-09,0.01267680231671212,0.003162055179576948
SerialConstant,200,10000,1000,,,,
SerialConstant,200,10000,1000,0.00023000000213659093,3.3041054952847375e-09,0.013807060085460112,0.003162007845782534
SerialConstant,200,10000,1000,,,,
SerialConstant,200,10000,1000,0.000240000019481878,3.3127886303943397e-09,0.01020097632651484,0.0031621447443163538
SerialConstant,200,10000,1000,,,,
SerialConstant,200,10000,1000,0.0002500000076904771,3.3162435590284146e-09,0.01660225299034674,0.0031618734321329912
SerialConstant,200,10000,1000,,,,
SerialConstant,200,10000,1000,,,,
SerialConstant,200,10000,1000,0.000260000004625637,3.3199805446899167e-09,0.015291332372948406,0.003161939548564579
SerialConstant,200,10000,1000,,,,
SerialConstant,200,10000,1000,0.0002700000117478481,3.3363898244589476e-09,0.014836141735382662,0.0031619612345759485
SerialConstant,200,10000,1000,,,,
SerialConstant,200,10000,1000,0.00027999999844950955,3.3243587895253378e-09,0.01263670039992914,0.003162056784767191
SerialConstant,200,10000,1000,,,,
SerialConstant,200,10000,1000,0.0002900000056740099,3.317872161942083e-09,0.005957138268476393,0.0031622531717019338
SerialConstant,200,10000,1000,,,,
SerialConstant,200,10000,1000,0.00030000000333571514,3.32062841194749e-09,0.010242436050215088,0.003162143404094086
SerialConstant,200,10000,1000,,,,
SerialConstant,200,10000,1000,0.00031000001331295577,3.3284721502430973e-09,0.0032461522967875012,0.003162292621950916
SerialConstant,200,10000,1000,,,,
SerialConstant,200,10000,1000,,,,
SerialConstant,200,10000,1000,0.0003199999942903476,3.3203754142736494e-09,0.006117032213339287,0.0031622501190900956
SerialConstant,200,10000,1000,,,,
SerialConstant,200,10000,1000,0.00032999998604263923,3.3263309338243586e-09,0.01144597829734577,0.0031621021289018544
SerialConstant,200,10000,1000,,,,
SerialConstant,200,10000,1000,0.0003400000046681372,3.321288369162821e-09,0.0005225156855411915,0.003162308851728284
SerialConstant,200,10000,1000,,,,
SerialConstant,200,10000,1000,0.00035000001473081915,3.329222916532936e-09,0.008232452319155642,0.0031622021215813013
SerialConstant,200,10000,1000,,,,
SerialConstant,200,10000,1000,0.0003600000042760095,3.3276562714993974e-09,0.006598306466894195,0.0031622404429154445
SerialConstant,200,10000,1000,,,,
SerialConstant,200,10000,1000,0.00037000000842845834,3.324798879167025e-09,0.007785679638796642,0.003162213437420393
SerialConstant,200,10000,1000,,,,
SerialConstant,200,10000,1000,,,,
SerialConstant,200,10000,1000,0.00037999999449663387,3.3275920142730287e-09,0.002214712975453757,0.003162301527919726
SerialConstant,200,10000,1000,,,,
SerialConstant,200,10000,1000,0.0003899999918444471,3.3334778420724914e-09,0.0013669737448409917,0.003162306328845161
SerialConstant,200,10000,1000,,,,
SerialConstant,200,10000,1000,0.00039999999053658337,3.3180768363921928e-09,-0.00011287048650275087,0.003162309263275821
SerialConstant,200,10000,1000,,,,
SerialConstant,200,10000,1000,0.0004099999832594272,3.3362550998614025e-09,0.0037897296379700153,0.00316228657471462
SerialConstant,200,10000,1000,,,,
SerialConstant,200,10000,1000,0.00041999998809625396,3.319375578565976e-09,0.005123429170865527,0.0031622677785863394
SerialConstant,200,10000,1000,,,,
SerialConstant,200,10000,1000,0.0004299999979049046,3.325312580290833e-09,0.003653006997573712,0.0031622881836938723
SerialConstant,200,10000,1000,,,,
SerialConstant,200,10000,1000,0.00044000001449816364,3.330638627130281e-09,-0.005278823750768555,0.0031622652226884537
SerialConstant,200,10000,1000,,,,
SerialConstant,200,10000,1000,,,,
SerialConstant,200,10000,1000,0.00044999999619002514,3.339454430604967e-09,0.006486142779292882,0.0031622427634677842
SerialConstant,200,10000,1000,,,,
SerialConstant,200,10000,1000,0.00045999999122851593,3.319914258939928e-09,-0.0034269007612384057,0.0031622907148399606
SerialConstant,200,10000,1000,,,,
SerialConstant,200,10000,1000,0.0004700000062636567,3.3145275276564986e-09,0.0035566707278228056,0.0031622892818974338
SerialConstant,200,10000,1000,,,,
SerialConstant,200,10000,1000,0.0004800000036591387,3.3362335321242883e-09,-0.007386271657416049,0.0031622230191747213
SerialConstant,200,10000,1000,,,,
SerialConstant,200,10000,1000,0.0004899999984628957,3.3221814392392275e-09,-0.0038925307169196174,0.003162285325996982
SerialConstant,200,10000,1000,,,,
SerialConstant,200,10000,1000,0.0004999999818366632,3.321109899047668e-09,0.00040665227349828014,0.0031623090219499886
SerialConstant,200,10000,1000,,,,
SerialConstant,200,10000,1000,,,,
SerialConstant,200,10000,1000,0.0005099999946376414,3.3300103696618336e-09,0.00854220480711563,0.003162193905625692
SerialConstant,200,10000,1000,,,,
SerialConstant,200,10000,1000,0.0005199999926260722,3.3268983068018363e-09,-0.0005306302142222941,0.0031623088382160785
SerialConstant,200,10000,1000,,,,
SerialConstant,200,10000,1000,0.0005299999954157885,3.32474011928388e-09,-0.0058380751277146365,0.0031622553922748477
SerialConstant,200,10000,1000,,,,
SerialConstant,200,10000,1000,0.0005399999990045202,3.3256796619316472e-09,-0.001957312088267762,0.0031623032258984497
SerialConstant,200,10000,1000,,,,
SerialConstant,200,10000,1000,0.0005499999951015103,3.314719349962263e-09,0.0020604519684311205,0.0031623025706797618
SerialConstant,200,10000,1000,,,,
SerialConstant,200,10000,1000,0.0005599999970235063,3.3329328810198467e-09,0.002972370895268372,0.003162295313905021
SerialConstant,200,10000,1000,,,,
SerialConstant,200,10000,1000,,,,
SerialConstant,200,10000,1000,0.0005700000207042566,3.330929652109971e-09,0.00272953627841003,0.0031622975032129766
SerialConstant,200,10000,1000,,,,
SerialConstant,200,10000,1000,0.0005799999957157054,3.3222705156862736e-09,0.0005677528293483035,0.0031623087737447236
SerialConstant,200,10000,1000,,,,
SerialConstant,200,10000,1000,0.0005899999929014309,3.3299802350279616e-09,0.004248345306156655,0.003162280745919299
SerialConstant,200,10000,1000,,,,
SerialConstant,200,10000,1000,0.0005999999967191479,3.332774192157384e-09,0.0023612157621872238,0.00316230046793252
SerialConstant,200,10000,1000,,,,
SerialConstant,200,10000,1000,0.0006099999853245365,3.33150653480211e-09,0.005301475813538927,0.0031622648437347593
SerialConstant,200,10000,1000,,,,
SerialConstant,200,10000,1000,0.0006200000002102361,3.342869405982967e-09,0.0022700690081090503,0.003162301135381702
SerialConstant,200,10000,1000,,,,
SerialConstant,200,10000,1000,,,,
SerialConstant,200,10000,1000,0.0006299999968532892,3.346483419850482e-09,0.0006868268459577374,0.0031623085375393984
SerialConstant,200,10000,1000,,,,
SerialConstant,200,10000,1000,0.0006399999846357613,3.3354314811453076e-09,-0.0008867871753825634,0.0031623080400125245
SerialConstant,200,10000,1000,,,,
SerialConstant,200,10000,1000,0.000650000003265949,3.3344137702983797e-09,0.007481111201931803,0.0031622207896600603
SerialConstant,200,10000,1000,,,,
SerialConstant,200,10000,1000,0.0006600000124197554,3.3333645922926036e-09,-0.0023851828986039105,0.0031623002880636812
SerialConstant,200,10000,1000,,,,
SerialConstant,200,10000,1000,0.0006700000077319965,3.3234129393869546e-09,-0.00395138742567246,0.0031622845960241224
SerialConstant,200,10000,1000,,,,
SerialConstant,200,10000,1000,0.0006799999758947614,3.3267101124139635e-09,0.001506102221960113,0.0031623056968148053
SerialConstant,200,10000,1000,,,,
SerialConstant,200,10000,1000,,,,
SerialConstant,200,10000,1000,0.000690000009949755,3.31542032580402e-09,-0.00023221176208808984,0.003162309198159831
SerialConstant,200,10000,1000,,,,
SerialConstant,200,10000,1000,0.0007000000051135847,3.3146312227308787e-09,0.0008085121383557256,0.0031623082498312147
SerialConstant,200,10000,1000,,,,
SerialConstant,200,10000,1000,0.0007099999932476628,3.3237571603941506e-09,0.003900066439969297,0.003162285233146364
SerialConstant,200,10000,1000,,,,
SerialConstant,200,10000,1000,0.0007199999837255575,3.3413556809018998e-09,0.00012592958156241226,0.00316230925834497
SerialConstant,200,10000,1000,,,,
SerialConstant,200,10000,1000,0.000729999999306149,3.3135919074221747e-09,0.0006791765758393368,0.003162308554062935
SerialConstant,200,10000,1000,,,,
SerialConstant,200,10000,1000,0.0007400000138977205,3.334236354265683e-09,-0.0038175740244825243,0.0031622862397909083
SerialConstant,200,10000,1000,,,,
SerialConstant,200,10000,1000,0.0007500000054012061,3.32340083967635e-09,0.004940648597636175,0.0031622706871854483
SerialConstant,200,10000,1000,,,,
SerialConstant,200,10000,1000,,,,
SerialConstant,200,10000,1000,0.0007600000191352363,3.317048088538061e-09,0.00012259431248883243,0.0031623092596555795
SerialConstant,200,10000,1000,,,,
SerialConstant,200,10000,1000,0.0007700000056107851,3.323953746445613e-09,0.00363736940331618,0.003162288363952942
SerialConstant,200,10000,1000,,,,
SerialConstant,200,10000,1000,0.0007800000007898825,3.327295663950089e-09,0.004696379582684442,0.003162274409310006
SerialConstant,200,10000,1000,,,,
SerialConstant,200,10000,1000,0.0007900000027524321,3.320660544000509e-09,0.0027034725015703817,0.0031622977271127764
SerialConstant,200,10000,1000,,,,
SerialConstant,200,10000,1000,0.000800000020646747,3.3317319942504767e-09,0.007008095729893231,0.0031622316265763344
SerialConstant,200,10000,1000,,,,
SerialConstant,200,10000,1000,0.0008099999919123174,3.329429378023052e-09,-0.0006328353440813531,0.0031623086501975507
SerialConstant,200,10000,1000,,,,
SerialConstant,200,10000,1000,,,,
SerialConstant,200,10000,1000,0.0008200000073387049,3.3242185902256876e-09,0.004866297675281278,0.003162271840106914
SerialConstant,200,10000,1000,,,,
SerialConstant,200,10000,1000,0.0008300000045014927,3.330771297955755e-09,-0.0001113860314565398,0.0031623092638021853
SerialConstant,200,10000,1000,,,,
SerialConstant,200,10000,1000,0.0008400000049966434,3.330663971933323e-09,0.004267661716738841,0.0031622804858190768
SerialConstant,200,10000,1000,,,,
SerialConstant,200,10000,1000,0.000850000001716011,3.3298134838285934e-09,0.0036494962269284247,0.003162288224230859
SerialConstant,200,10000,1000,,,,
SerialConstant,200,10000,1000,0.000859999998593945,3.3391986101664594e-09,0.0014946173202579065,0.00316230575130615
SerialConstant,200,10000,1000,,,,
SerialConstant,200,10000,1000,0.0008699999995905476,3.327832559149438e-09,0.0031015501300158655,0.003162294073286675
SerialConstant,200,10000,1000,,,,
SerialConstant,200,10000,1000,,,,
SerialConstant,200,10000,1000,0.0008799999993898521,3.318150236751795e-09,0.0033122292838358674,0.003162291936741068
SerialConstant,200,10000,1000,,,,
SerialConstant,200,10000,1000,0.0008900000167834509,3.3331168408926885e-09,0.0015460254992344842,0.0031623055041494
SerialConstant,200,10000,1000,,,,
SerialConstant,200,10000,1000,0.0009000000012770857,3.3271214866361714e-09,0.003544883389564224,0.0031622894142542255
SerialConstant,200,10000,1000,,,,
SerialConstant,200,10000,1000,0.0009099999905575723,3.333503126202267e-09,0.0022253739178900995,0.003162301453074779
SerialConstant,200,10000,1000,,,,
SerialConstant,200,10000,1000,0.0009199999920057641,3.335955892544076e-09,0.0061595951406041155,0.0031622492928750643
SerialConstant,200,10000,1000,,,,
SerialConstant,200,10000,1000,0.000930000002440307,3.335916911998592e-09,0.003257231807104,0.003162292508021305
SerialConstant,200,10000,1000,,,,
SerialConstant,200,10000,1000,,,,
SerialConstant,200,10000,1000,0.000939999986507503,3.340948062401593e-09,0.0037282227061970156,0.0031622873058554666
SerialConstant,200,10000,1000,,,,
SerialConstant,200,10000,1000,0.0009500000155206294,3.3231172250684996e-09,0.006785031314110711,0.0031622364915188162
SerialConstant,200,10000,1000,,,,
SerialConstant,200,10000,1000,0.0009599999849990586,3.3329129465642684e-09,0.000150512383174884,0.003162309247599889
SerialConstant,200,10000,1000,,,,
SerialConstant,200,10000,1000,0.000969999999840613,3.3320124801044707e-09,0.008549431731022215,0.0031621937103144073
SerialConstant,200,10000,1000,,,,
SerialConstant,200,10000,1000,0.0009799999969084471,3.3197728967486182e-09,0.004853431965608799,0.003162272037834566
SerialConstant,200,10000,1000,,,,
SerialConstant,200,10000,1000,0.000989999979879278,3.32844807449351e-09,0.0026264127512507815,0.003162298376526327
SerialConstant,200,10000,1000,,,,
SerialConstant,200,10000,1000,0.0009999972872068628,1.933964154184939e-09,0.006616807717448064,0.004465345052490256
TennessenEuropean,200,0,1000,,,,
TennessenEuropean,200,0,1000,9.999999432000901e-06,1.2902036325780537e-09,0.23142331344048941,0.0030764625452617
TennessenEuropean,200,0,1000,,,,
TennessenEuropean,200,0,1000,1.999999946039335e-05,1.777524428594245e-09,0.20074188112024852,0.0030979378489603953
TennessenEuropean,200,0,1000,,,,
TennessenEuropean,200,0,1000,3.0000002786396914e-05,2.0607870192196207e-09,0.18325310600223074,0.0031087579961989534
TennessenEuropean,200,0,1000,,,,
TennessenEuropean,200,0,1000,4.0000003609147354e-05,2.2392042799749397e-09,0.17341399776106325,0.003114397187771997
TennessenEuropean,200,0,1000,,,,
TennessenEuropean,200,0,1000,5.000000601413985e-05,2.3758219842631932e-09,0.16324491086117857,0.0031198887263638995
TennessenEuropean,200,0,1000,,,,
TennessenEuropean,200,0,1000,6.0000003560465645e-05,2.480286186330854e-09,0.15165180448499155,0.003125733946806507
TennessenEuropean,200,0,1000,,,,
TennessenEuropean,200,0,1000,,,,
TennessenEuropean,200,0,1000,6.999999952850797e-05,2.5583579901235355e-09,0.12912109304098637,0.0031358370657291914
TennessenEuropean,200,0,1000,,,,
TennessenEuropean,200,0,1000,7.999998859683064e-05,2.6251080610169366e-09,0.12747119858593942,0.0031365120260353585
TennessenEuropean,200,0,1000,,,,
TennessenEuropean,200,0,1000,8.999999973598634e-05,2.6801961605775096e-09,0.11632717625286372,0.0031408402025881414
TennessenEuropean,200,0,1000,,,,
TennessenEuropean,200,0,1000,0.00010000000402913521,2.727819888023006e-09,0.11895857399912296,0.003139854415484253
TennessenEuropean,200,0,1000,,,,
TennessenEuropean,200,0,1000,0.00010999999358331633,2.7514889770047827e-09,0.10334533249953577,0.003145376812150082
TennessenEuropean,200,0,1000,,,,
TennessenEuropean,200,0,1000,0.00012000000434862827,2.784464376458737e-09,0.09931420505528689,0.0031466752164849687
TennessenEuropean,200,0,1000,,,,
TennessenEuropean,200,0,1000,,,,
TennessenEuropean,200,0,1000,0.0001300000047067925,2.8133495153725655e-09,0.1001315925116286,0.0031464161581875438
TennessenEuropean,200,0,1000,,,,
TennessenEuropean,200,0,1000,0.00014000000941451462,2.8448468685435943e-09,0.0920121085489149,0.0031488944138418516
TennessenEuropean,200,0,1000,,,,
TennessenEuropean,200,0,1000,0.00014999999588045674,2.8690282243207518e-09,0.08484586288113416,0.003150906275935029
TennessenEuropean,200,0,1000,,,,
TennessenEuropean,200,0,1000,0.00015999999639313033,2.883720517641093e-09,0.0903776833014153,0.003149367732411217
TennessenEuropean,200,0,1000,,,,
TennessenEuropean,200,0,1000,0.00017000000564728544,2.917302474216943e-09,0.07732502840995865,0.0031528411326862235
TennessenEuropean,200,0,1000,,,,
TennessenEuropean,200,0,1000,0.0001799999949468261,2.919152826632995e-09,0.07299732723792218,0.0031538726734632147
TennessenEuropean,200,0,1000,,,,
TennessenEuropean,200,0,1000,0.0001899999930868543,2.9333872516458515e-09,0.07731832997440163,0.003152842775472801
TennessenEuropean,200,0,1000,,,,
TennessenEuropean,200,0,1000,,,,
TennessenEuropean,200,0,1000,0.0002000000139955399,2.948613883245341e-09,0.07607888521398994,0.0031531442844601226
TennessenEuropean,200,0,1000,,,,
TennessenEuropean,200,0,1000,0.00020999999792510826,2.9753418797633993e-09,0.07395435553250516,0.0031536497020288384
TennessenEuropean,200,0,1000,,,,
TennessenEuropean,200,0,1000,0.0002199999932767341,2.978735249949971e-09,0.07154529915559799,0.0031542053962798616
TennessenEuropean,200,0,1000,,,,
TennessenEuropean,200,0,1000,0.00022999999415116817,3.006524500683192e-09,0.068595166666616,0.0031548607091314938
TennessenEuropean,200,0,1000,,,,
TennessenEuropean,200,0,1000,0.00023999998582508155,3.016090449939086e-09,0.06842555661484315,0.0031548975418529013
TennessenEuropean,200,0,1000,,,,
TennessenEuropean,200,0,1000,0.000249999981164319,3.027423844061442e-09,0.06879499226163145,0.0031548171972125704
TennessenEuropean,200,0,1000,,,,
TennessenEuropean,200,0,1000,,,,
TennessenEuropean,200,0,1000,0.00026000001224825203,3.033377036820143e-09,0.06462000462095184,0.0031556998778182726
TennessenEuropean,200,0,1000,,,,
TennessenEuropean,200,0,1000,0.0002700000040735863,3.0465175522432137e-09,0.06423370404697468,0.003155778745640113
TennessenEuropean,200,0,1000,,,,
TennessenEuropean,200,0,1000,0.0002800000026832001,3.05254995544834e-09,0.0674793778387956,0.0031551013341814347
TennessenEuropean,200,0,1000,,,,
TennessenEuropean,200,0,1000,0.00028999999890992986,3.0662787292083735e-09,0.06452205727780937,0.0031557199198614955
TennessenEuropean,200,0,1000,,,,
TennessenEuropean,200,0,1000,0.00029999999700521223,3.079567192026373e-09,0.05869962197667676,0.0031568564836962614
TennessenEuropean,200,0,1000,,,,
TennessenEuropean,200,0,1000,0.0003100000044918045,3.0778799819707545e-09,0.0518907655636122,0.0031580489150662664
TennessenEuropean,200,0,1000,,,,
TennessenEuropean,200,0,1000,,,,
TennessenEuropean,200,0,1000,0.00031999998179313145,3.0985459931330292e-09,0.051934730359188316,0.0031580416878773518
TennessenEuropean,200,0,1000,,,,
TennessenEuropean,200,0,1000,0.00033000000475005457,3.0971266884734266e-09,0.05288583013816164,0.00315788383800175
TennessenEuropean,200,0,1000,,,,
TennessenEuropean,200,0,1000,0.0003399999973190477,3.0985830558752133e-09,0.050127374514274826,0.0031583337323155625
TennessenEuropean,200,0,1000,,,,
TennessenEuropean,200,0,1000,0.0003500000103796679,3.112835480595176e-09,0.057829530908845385,0.0031570170713324315
TennessenEuropean,200,0,1000,,,,
TennessenEuropean,200,0,1000,0.0003599999976100061,3.1124554276632544e-09,0.05138659350679617,0.0031581313550817975
TennessenEuropean,200,0,1000,,,,
TennessenEuropean,200,0,1000,0.00036999999786956745,3.1123329380927217e-09,0.049053125157685284,0.0031585024033347325
TennessenEuropean,200,0,1000,,,,
TennessenEuropean,200,0,1000,,,,
TennessenEuropean,200,0,1000,0.0003800000020484413,3.129949632663256e-09,0.04207303049070045,0.0031595091788153276
TennessenEuropean,200,0,1000,,,,
TennessenEuropean,200,0,1000,0.00038999999240125696,3.1342985096082766e-09,0.04209818199421807,0.0031595058284911303
TennessenEuropean,200,0,1000,,,,
TennessenEuropean,200,0,1000,0.0004000000102377574,3.147388097888117e-09,0.04978786724095747,0.003158387435223834
TennessenEuropean,200,0,1000,,,,
TennessenEuropean,200,0,1000,0.0004100000053104306,3.1429681308343495e-09,0.04386872233975563,0.0031592649415809046
TennessenEuropean,200,0,1000,,,,
TennessenEuropean,200,0,1000,0.00041999999570610465,3.1572144669220257e-09,0.0425852331988864,0.003159440554975892
TennessenEuropean,200,0,1000,,,,
TennessenEuropean,200,0,1000,0.0004299999994960261,3.152423421555046e-09,0.03998615266188815,0.0031597801759249335
TennessenEuropean,200,0,1000,,,,
TennessenEuropean,200,0,1000,0.0004400000069922722,3.1798990560089864e-09,0.03547653453967132,0.00316031864014512
TennessenEuropean,200,0,1000,,,,
TennessenEuropean,200,0,1000,,,,
TennessenEuropean,200,0,1000,0.0004499999900377973,3.1722099252490076e-09,0.040703368143140274,0.003159688597134005
TennessenEuropean,200,0,1000,,,,
TennessenEuropean,200,0,1000,0.00046000000591635477,3.181139228747685e-09,0.04120659675500285,0.0031596233680986838
TennessenEuropean,200,0,1000,,,,
TennessenEuropean,200,0,1000,0.0004699999894552425,3.1813570864912735e-09,0.04043494695613576,0.0031597230618589183
TennessenEuropean,200,0,1000,,,,
TennessenEuropean,200,0,1000,0.0004800000114219031,3.1870361827825505e-09,0.03983304922378505,0.0031597995139810257
TennessenEuropean,200,0,1000,,,,
TennessenEuropean,200,0,1000,0.0004900000131956928,3.191385018742778e-09,0.031110894234956027,0.003160778532738046
TennessenEuropean,200,0,1000,,,,
TennessenEuropean,200,0,1000,0.0004999999986304302,3.186592966039175e-09,0.03381671357980508,0.0031605006049846116
TennessenEuropean,200,0,1000,,,,
TennessenEuropean,200,0,1000,,,,
TennessenEuropean,200,0,1000,0.0005099999927260159,3.2069390649776347e-09,0.03677835564407754,0.0031601698149033635
TennessenEuropean,200,0,1000,,,,
TennessenEuropean,200,0,1000,0.0005199999870284799,3.192943298912458e-09,0.03682970390106796,0.003160163834647633
TennessenEuropean,200,0,1000,,,,
TennessenEuropean,200,0,1000,0.0005300000120835387,3.205207510767023e-09,0.040269094061197976,0.0031597442428634172
TennessenEuropean,200,0,1000,,,,
TennessenEuropean,200,0,1000,0.0005400000072710076,3.203168664659187e-09,0.03665125084426302,0.003160184582179873
TennessenEuropean,200,0,1000,,,,
TennessenEuropean,200,0,1000,0.0005500000013106095,3.2070545210238427e-09,0.03449770794594619,0.0031604270039729933
TennessenEuropean,200,0,1000,,,,
TennessenEuropean,200,0,1000,0.0005599999938465038,3.21048008773333e-09,0.03390132984695742,0.003160491539694661
TennessenEuropean,200,0,1000,,,,
TennessenEuropean,200,0,1000,,,,
TennessenEuropean,200,0,1000,0.0005700000126057165,3.2197621792018384e-09,0.03377513775279903,0.003160505050864707
TennessenEuropean,200,0,1000,,,,
TennessenEuropean,200,0,1000,0.0005799999761477693,3.2223677030680782e-09,0.03000016919504155,0.0031608859078551283
TennessenEuropean,200,0,1000,,,,
TennessenEuropean,200,0,1000,0.0005899999960367517,3.2333737475545596e-09,0.03590118528646292,0.003160270683844372
TennessenEuropean,200,0,1000,,,,
TennessenEuropean,200,0,1000,0.0006000000004541174,3.2189324186040965e-09,0.033427021637559305,0.003160542061540532
TennessenEuropean,200,0,1000,,,,
TennessenEuropean,200,0,1000,0.0006100000175498616,3.2321715517087116e-09,0.0334881572957747,0.0031605355895660456
TennessenEuropean,200,0,1000,,,,
TennessenEuropean,200,0,1000,0.0006200000050302899,3.2262441053146593e-09,0.033457709416248184,0.0031605388143350044
TennessenEuropean,200,0,1000,,,,
TennessenEuropean,200,0,1000,,,,
TennessenEuropean,200,0,1000,0.000629999998892268,3.222294989086126e-09,0.0347631424906143,0.0031603979182283047
TennessenEuropean,200,0,1000,,,,
TennessenEuropean,200,0,1000,0.0006400000003252113,3.2363006424281176e-09,0.028569975246232383,0.003161018412773392
TennessenEuropean,200,0,1000,,,,
TennessenEuropean,200,0,1000,0.0006500000238646456,3.2317571863413894e-09,0.030825020740799427,0.003160806541837572
TennessenEuropean,200,0,1000,,,,
TennessenEuropean,200,0,1000,0.0006599999971019635,3.219027308865922e-09,0.030366941231359145,0.0031608508836021795
TennessenEuropean,200,0,1000,,,,
TennessenEuropean,200,0,1000,0.0006699999794820935,3.2461767899856232e-09,0.029774039919063428,0.0031609072893975907
TennessenEuropean,200,0,1000,,,,
TennessenEuropean,200,0,1000,0.0006800000138661766,3.2421181804447793e-09,0.026434844529365568,0.0031612041778702254
TennessenEuropean,200,0,1000,,,,
TennessenEuropean,200,0,1000,,,,
TennessenEuropean,200,0,1000,0.0006899999993792025,3.244186909715687e-09,0.027730649221421204,0.003161093159199331
TennessenEuropean,200,0,1000,,,,
TennessenEuropean,200,0,1000,0.0007000000055067285,3.250526753217673e-09,0.02912350348946807,0.0031609678976234454
TennessenEuropean,200,0,1000,,,,
TennessenEuropean,200,0,1000,0.0007099999898958135,3.246713402719743e-09,0.027417483081651654,0.003161120476961938
TennessenEuropean,200,0,1000,,,,
TennessenEuropean,200,0,1000,0.0007200000021725194,3.254946410120643e-09,0.028531183143099464,0.0031610219165762975
TennessenEuropean,200,0,1000,,,,
TennessenEuropean,200,0,1000,0.0007299999921992701,3.26000397132262e-09,0.026145499642821035,0.0031612282416434577
TennessenEuropean,200,0,1000,,,,
TennessenEuropean,200,0,1000,0.000740000006192316,3.256651401373896e-09,0.02781657915566263,0.0031610856091674167
TennessenEuropean,200,0,1000,,,,
TennessenEuropean,200,0,1000,0.0007499999782924824,3.2540903074684706e-09,0.024570666617057327,0.0031613545683257466
TennessenEuropean,200,0,1000,,,,
TennessenEuropean,200,0,1000,,,,
TennessenEuropean,200,0,1000,0.0007599999988048524,3.2622581696520235e-09,0.026368077889581655,0.0031612097541331044
TennessenEuropean,200,0,1000,,,,
TennessenEuropean,200,0,1000,0.0007700000102871719,3.2626895241847704e-09,0.030983895437802736,0.0031607910076800203
TennessenEuropean,200,0,1000,,,,
TennessenEuropean,200,0,1000,0.0007799999878193001,3.256529625016507e-09,0.02426020238455153,0.0031613785461549596
TennessenEuropean,200,0,1000,,,,
TennessenEuropean,200,0,1000,0.0007900000054177147,3.256274664891583e-09,0.026401522157041696,0.003161206962675353
TennessenEuropean,200,0,1000,,,,
TennessenEuropean,200,0,1000,0.0008000000186015393,3.273039668367045e-09,0.03202598573972808,0.0031606871343486708
TennessenEuropean,200,0,1000,,,,
TennessenEuropean,200,0,1000,0.0008099999945669856,3.259655345243797e-09,0.023586812939735868,0.003161429505031508
TennessenEuropean,200,0,1000,,,,
TennessenEuropean,200,0,1000,,,,
TennessenEuropean,200,0,1000,0.000820000012221275,3.290035253300053e-09,0.029413234599425166,0.0031609410698829766
TennessenEuropean,200,0,1000,,,,
TennessenEuropean,200,0,1000,0.0008300000016651832,3.2571245805629094e-09,0.02319788157708625,0.0031614582836521727
TennessenEuropean,200,0,1000,,,,
TennessenEuropean,200,0,1000,0.0008399999873940305,3.2713536510321392e-09,0.03164769299134428,0.0031607252393974447
TennessenEuropean,200,0,1000,,,,
TennessenEuropean,200,0,1000,0.0008500000095503386,3.270939474599536e-09,0.019392874330998608,0.003161714581209645
TennessenEuropean,200,0,1000,,,,
TennessenEuropean,200,0,1000,0.0008600000043911464,3.276921067227023e-09,0.026764619027136387,0.0031611764285486457
TennessenEuropean,200,0,1000,,,,
TennessenEuropean,200,0,1000,0.0008700000236009135,3.2766213744727197e-09,0.026392293946274785,0.003161207733270497
TennessenEuropean,200,0,1000,,,,
TennessenEuropean,200,0,1000,,,,
TennessenEuropean,200,0,1000,0.0008799999966412565,3.2760242261421277e-09,0.020512406673285848,0.0031616439286503042
TennessenEuropean,200,0,1000,,,,
TennessenEuropean,200,0,1000,0.0008899999969001621,3.2819941705946005e-09,0.02035066969105103,0.0031616543807949232
TennessenEuropean,200,0,1000,,,,
TennessenEuropean,200,0,1000,0.0009000000160669029,3.286091327499996e-09,0.023980289734076222,0.003161399902895807
TennessenEuropean,200,0,1000,,,,
TennessenEuropean,200,0,1000,0.0009099999998669046,3.2857794992231695e-09,0.025530944658793523,0.0031612784727511655
TennessenEuropean,200,0,1000,,,,
TennessenEuropean,200,0,1000,0.0009199999716644695,3.282564754613615e-09,0.02045441315951797,0.0031616476859613564
TennessenEuropean,200,0,1000,,,,
TennessenEuropean,200,0,1000,0.0009300000042089734,3.272210778356513e-09,0.02812231500838638,0.0031610585568460584
TennessenEuropean,200,0,1000,,,,
TennessenEuropean,200,0,1000,,,,
TennessenEuropean,200,0,1000,0.0009399999960378933,3.2888541074236854e-09,0.02413126537945675,0.0031613884145808495
TennessenEuropean,200,0,1000,,,,
TennessenEuropean,200,0,1000,0.0009500000010283076,3.2819754687338646e-09,0.02077987090379747,0.0031616264623275723
TennessenEuropean,200,0,1000,,,,
TennessenEuropean,200,0,1000,0.0009600000072601128,3.288887553010449e-09,0.021605392609390612,0.003161571125364975
TennessenEuropean,200,0,1000,,,,
TennessenEuropean,200,0,1000,0.000969999987887574,3.2916591183200334e-09,0.02326838572993345,0.0031614531022885013
TennessenEuropean,200,0,1000,,,,
TennessenEuropean,200,0,1000,0.000979999989889409,3.287728636273461e-09,0.023711595673191803,0.0031614201704069944
TennessenEuropean,200,0,1000,,,,
TennessenEuropean,200,0,1000,0.0009899999743453376,3.294216104703237e-09,0.021025304724077393,0.0031616102354968144
TennessenEuropean,200,0,1000,,,,
TennessenEuropean,200,0,1000,0.0009999973247557636,1.921801864093032e-09,0.02122447135778999,0.004480682581500198
TennessenEuropean,200,10000,1000,,,,
TennessenEuropean,200,10000,1000,9.999994875714475e-06,1.5014178248517547e-09,0.1630967355694571,0.003119966222934234
TennessenEuropean,200,10000,1000,,,,
TennessenEuropean,200,10000,1000,2.0000005696611943e-05,2.103247357054271e-09,0.14001688478542784,0.003131157741591103
TennessenEuropean,200,10000,1000,,,,
TennessenEuropean,200,10000,1000,2.9999996987751598e-05,2.437580036970167e-09,0.11859824661206207,0.0031399907244831857
TennessenEuropean,200,10000,1000,,,,
TennessenEuropean,200,10000,1000,3.999999535435012e-05,2.6557951799699493e-09,0.10528856156459976,0.003144732258055695
TennessenEuropean,200,10000,1000,,,,
TennessenEuropean,200,10000,1000,4.999999316323988e-05,2.8032238915836306e-09,0.09285200051822137,0.00314864785894905
TennessenEuropean,200,10000,1000,,,,
TennessenEuropean,200,10000,1000,6.0000001918856656e-05,2.93080171484165e-09,0.07764934583662782,0.0031527614227853046
TennessenEuropean,200,10000,1000,,,,
TennessenEuropean,200,10000,1000,,,,
TennessenEuropean,200,10000,1000,7.000000451173581e-05,3.0167392383389022e-09,0.06396034489769416,0.0031558342682410073
TennessenEuropean,200,10000,1000,,,,
TennessenEuropean,200,10000,1000,8.000000022622539e-05,3.079047026528081e-09,0.05979583421127169,0.003156650736300613
TennessenEuropean,200,10000,1000,,,,
TennessenEuropean,200,10000,1000,9.000002111135078e-05,3.1246285528794415e-09,0.06338937802616923,0.0031559494716924593
TennessenEuropean,200,10000,1000,,,,
TennessenEuropean,200,10000,1000,9.999999724581951e-05,3.165453544552875e-09,0.0491911282216348,0.0031584809401165948
TennessenEuropean,200,10000,1000,,,,
TennessenEuropean,200,10000,1000,0.0001099999843962281,3.1904663486888014e-09,0.05067173507985807,0.0031582468622805325
TennessenEuropean,200,10000,1000,,,,
TennessenEuropean,200,10000,1000,0.00012000000361616623,3.2216615761235965e-09,0.05608908562505472,0.003157331075374872
TennessenEuropean,200,10000,1000,,,,
TennessenEuropean,200,10000,1000,,,,
TennessenEuropean,200,10000,1000,0.00012999999510356338,3.2439354711047214e-09,0.04032993835041993,0.0031597364825914362
TennessenEuropean,200,10000,1000,,,,
TennessenEuropean,200,10000,1000,0.00013999999677604132,3.2609130599557413e-09,0.035633750653246185,0.0031603009521540804
TennessenEuropean,200,10000,1000,,,,
TennessenEuropean,200,10000,1000,0.00014999999056786116,3.2735646262331177e-09,0.036215897944321916,0.003160234774354185
TennessenEuropean,200,10000,1000,,,,
TennessenEuropean,200,10000,1000,0.00016000002085608133,3.28104160249945e-09,0.03580062769024851,0.003160282091558886
TennessenEuropean,200,10000,1000,,,,
TennessenEuropean,200,10000,1000,0.00016999999428899288,3.2923961241715827e-09,0.024859487739169985,0.0031613319881170724
TennessenEuropean,200,10000,1000,,,,
TennessenEuropean,200,10000,1000,0.00018000001265153806,3.3003817158705836e-09,0.03421327320388896,0.0031604579239807237
TennessenEuropean,200,10000,1000,,,,
TennessenEuropean,200,10000,1000,0.00018999998987444236,3.303301638276347e-09,0.02664817424806276,0.0031611862662716747
TennessenEuropean,200,10000,1000,,,,
TennessenEuropean,200,10000,1000,,,,
TennessenEuropean,200,10000,1000,0.00020000000693760352,3.3197378134909155e-09,0.026676124788916688,0.0031611839088127357
TennessenEuropean,200,10000,1000,,,,
TennessenEuropean,200,10000,1000,0.00020999999944347703,3.315372446952455e-09,0.02067432575500873,0.0031616333818231643
TennessenEuropean,200,10000,1000,,,,
TennessenEuropean,200,10000,1000,0.00022000000309919457,3.3216446817016097e-09,0.02122493813328345,0.0031615968961762123
TennessenEuropean,200,10000,1000,,,,
TennessenEuropean,200,10000,1000,0.00023000000222783392,3.313502061779577e-09,0.020096861601181876,0.0031616706161078077
TennessenEuropean,200,10000,1000,,,,
TennessenEuropean,200,10000,1000,0.00023999999007876313,3.320667778598681e-09,0.01981058007574264,0.00316168868402272
TennessenEuropean,200,10000,1000,,,,
TennessenEuropean,200,10000,1000,0.0002500000058239957,3.3301715231500076e-09,0.02356835462726968,0.003161430881658814
TennessenEuropean,200,10000,1000,,,,
TennessenEuropean,200,10000,1000,,,,
TennessenEuropean,200,10000,1000,0.0002600000035221215,3.3276052184916887e-09,0.01687581579173286,0.0031618589493293252
TennessenEuropean,200,10000,1000,,,,
TennessenEuropean,200,10000,1000,0.00027000000496562253,3.314786693161106e-09,0.013428661616470756,0.003162024142603195
TennessenEuropean,200,10000,1000,,,,
TennessenEuropean,200,10000,1000,0.0002800000009119988,3.3273033717780063e-09,0.017586721848630287,0.0031618202058761144
TennessenEuropean,200,10000,1000,,,,
TennessenEuropean,200,10000,1000,0.00029000002192296524,3.318185056117204e-09,0.014041563705512865,0.003161997518887899
TennessenEuropean,200,10000,1000,,,,
TennessenEuropean,200,10000,1000,0.0003000000095553524,3.328641574825064e-09,0.01664498129704042,0.003161871185637407
TennessenEuropean,200,10000,1000,,,,
TennessenEuropean,200,10000,1000,0.00031000001251437306,3.336586543858857e-09,0.012456375493533348,0.003162063939907421
TennessenEuropean,200,10000,1000,,,,
TennessenEuropean,200,10000,1000,,,,
TennessenEuropean,200,10000,1000,0.0003200000149704346,3.3347443747056914e-09,0.008050991004451363,0.003162206793755682
TennessenEuropean,200,10000,1000,,,,
TennessenEuropean,200,10000,1000,0.0003299999880391393,3.3251429413534824e-09,0.013318621398290691,0.003162028796795299
TennessenEuropean,200,10000,1000,,,,
TennessenEuropean,200,10000,1000,0.0003400000164043782,3.335677703994362e-09,0.0141820679098904,0.003161991248133217
TennessenEuropean,200,10000,1000,,,,
TennessenEuropean,200,10000,1000,0.00034999999916356274,3.3280201919372666e-09,0.01173548809191657,0.0031620915166464805
TennessenEuropean,200,10000,1000,,,,
TennessenEuropean,200,10000,1000,0.00035999999578933256,3.3324067473596166e-09,0.010541447794500001,0.0031621335772796144
TennessenEuropean,200,10000,1000,,,,
TennessenEuropean,200,10000,1000,0.0003700000160089936,3.31988174517066e-09,0.009979218154356834,0.0031621518205381914
TennessenEuropean,200,10000,1000,,,,
TennessenEuropean,200,10000,1000,,,,
TennessenEuropean,200,10000,1000,0.0003800000199950703,3.3174004593557534e-09,0.012883048773355603,0.0031620468436359163
TennessenEuropean,200,10000,1000,,,,
TennessenEuropean,200,10000,1000,0.0003899999976521172,3.3373286988762426e-09,0.01693201376699569,0.0031618559448144154
TennessenEuropean,200,10000,1000,,,,
TennessenEuropean,200,10000,1000,0.0003999999930144152,3.3357232890722137e-09,0.013773146617641042,0.003162009324841073
TennessenEuropean,200,10000,1000,,,,
TennessenEuropean,200,10000,1000,0.0004100000118916246,3.3346670021915438e-09,0.010915005958731959,0.0031621209032263995
TennessenEuropean,200,10000,1000,,,,
TennessenEuropean,200,10000,1000,0.00041999998663757573,3.3364124425574863e-09,0.01356421955695038,0.0031620183564742064
TennessenEuropean,200,10000,1000,,,,
TennessenEuropean,200,10000,1000,0.0004299999977852889,3.331531790969662e-09,0.0116783586784751,0.003162093631774444
TennessenEuropean,200,10000,1000,,,,
TennessenEuropean,200,10000,1000,0.00044000001010636753,3.3435560320020206e-09,0.01200529583490735,0.0031620813879299882
TennessenEuropean,200,10000,1000,,,,
TennessenEuropean,200,10000,1000,,,,
TennessenEuropean,200,10000,1000,0.00044999997874052577,3.3464932685165727e-09,0.01591467926646781,0.003161908787928918
TennessenEuropean,200,10000,1000,,,,
TennessenEuropean,200,10000,1000,0.0004599999930443231,3.3438564335541834e-09,0.008645986764604383,0.0031621910850196623
TennessenEuropean,200,10000,1000,,,,
TennessenEuropean,200,10000,1000,0.00047000001005290793,3.342573117469947e-09,0.006870839867762754,0.0031622346386935484
TennessenEuropean,200,10000,1000,,,,
TennessenEuropean,200,10000,1000,0.00047999998945549323,3.3325056372448476e-09,0.009143018076379251,0.0031621771043832034
TennessenEuropean,200,10000,1000,,,,
TennessenEuropean,200,10000,1000,0.0004899999988788959,3.3302379689906404e-09,0.009798939136198032,0.003162157458557987
TennessenEuropean,200,10000,1000,,,,
TennessenEuropean,200,10000,1000,0.0005000000021788601,3.339465201002848e-09,0.011201165211867568,0.0031621108958866896
TennessenEuropean,200,10000,1000,,,,
TennessenEuropean,200,10000,1000,,,,
TennessenEuropean,200,10000,1000,0.0005099999658754607,3.3463788296288405e-09,0.012560539890820085,0.0031620598192985735
TennessenEuropean,200,10000,1000,,,,
TennessenEuropean,200,10000,1000,0.0005200000097184246,3.348910383600607e-09,0.008307785569873929,0.003162200151347981
TennessenEuropean,200,10000,1000,,,,
TennessenEuropean,200,10000,1000,0.0005299999793328134,3.352107165191979e-09,0.00851147268233516,0.0031621947343322384
TennessenEuropean,200,10000,1000,,,,
TennessenEuropean,200,10000,1000,0.0005399999939120923,3.3563191827347314e-09,0.006605011512047254,0.0031622403029346025
TennessenEuropean,200,10000,1000,,,,
TennessenEuropean,200,10000,1000,0.0005499999985302918,3.3352537617424434e-09,0.00665564654041944,0.003162239241238978
TennessenEuropean,200,10000,1000,,,,
TennessenEuropean,200,10000,1000,0.0005599999873611373,3.3317433541683746e-09,0.012148480517874318,0.0031620759191855977
TennessenEuropean,200,10000,1000,,,,
TennessenEuropean,200,10000,1000,,,,
TennessenEuropean,200,10000,1000,0.0005699999988996328,3.3398005767728393e-09,0.008180199088786304,0.0031622034776474075
TennessenEuropean,200,10000,1000,,,,
TennessenEuropean,200,10000,1000,0.0005800000091994473,3.3324271054532847e-09,0.00914676019740652,0.0031621769961604003
TennessenEuropean,200,10000,1000,,,,
TennessenEuropean,200,10000,1000,0.0005899999967051945,3.338202092118132e-09,0.005601342120337222,0.003162259674250275
TennessenEuropean,200,10000,1000,,,,
TennessenEuropean,200,10000,1000,0.000600000016115524,3.3470132412775267e-09,0.00048795377293983123,0.003162308906948152
TennessenEuropean,200,10000,1000,,,,
TennessenEuropean,200,10000,1000,0.0006100000174983829,3.3407736501346126e-09,0.006694739344083923,0.0031622384160096373
TennessenEuropean,200,10000,1000,,,,
TennessenEuropean,200,10000,1000,0.0006199999794483667,3.3413747692749422e-09,0.0037547698233954233,0.003162286991753926
TennessenEuropean,200,10000,1000,,,,
TennessenEuropean,200,10000,1000,,,,
TennessenEuropean,200,10000,1000,0.000629999984815047,3.3360981988587575e-09,0.0033004481726600903,0.003162292059921101
TennessenEuropean,200,10000,1000,,,,
TennessenEuropean,200,10000,1000,0.0006400000150060661,3.3419870386802615e-09,0.005687279224165167,0.003162258140329658
TennessenEuropean,200,10000,1000,,,,
TennessenEuropean,200,10000,1000,0.0006499999981606806,3.3416482835230604e-09,0.009620562830390275,0.003162162935902723
TennessenEuropean,200,10000,1000,,,,
TennessenEuropean,200,10000,1000,0.0006600000102531981,3.3360661343061616e-09,0.008214975893419778,0.003162202576087331
TennessenEuropean,200,10000,1000,,,,
TennessenEuropean,200,10000,1000,0.0006699999922594982,3.344837973138405e-09,0.010899990303624714,0.003162121421190441
TennessenEuropean,200,10000,1000,,,,
TennessenEuropean,200,10000,1000,0.0006800000018009079,3.331104473243338e-09,0.0035213687067596243,0.0031622896769815906
TennessenEuropean,200,10000,1000,,,,
TennessenEuropean,200,10000,1000,,,,
TennessenEuropean,200,10000,1000,0.000690000019736434,3.3460966932166384e-09,0.00678273646510811,0.0031622365407507455
TennessenEuropean,200,10000,1000,,,,
TennessenEuropean,200,10000,1000,0.000700000001278724,3.3308123668422513e-09,0.0031784391772953606,0.0031622933098027937
TennessenEuropean,200,10000,1000,,,,
TennessenEuropean,200,10000,1000,0.0007100000093098227,3.325213098897984e-09,0.008120130301624846,0.0031622050258721932
TennessenEuropean,200,10000,1000,,,,
TennessenEuropean,200,10000,1000,0.0007199999984869109,3.3416065929482073e-09,0.012604457718735666,0.0031620580716807114
TennessenEuropean,200,10000,1000,,,,
TennessenEuropean,200,10000,1000,0.0007300000115616947,3.33233628327966e-09,0.003811811830951326,0.003162286309302131
TennessenEuropean,200,10000,1000,,,,
TennessenEuropean,200,10000,1000,0.000739999996704729,3.3359390588129287e-09,0.008244331411086077,0.00316220181209262
TennessenEuropean,200,10000,1000,,,,
TennessenEuropean,200,10000,1000,0.0007499999899557943,3.335858426794261e-09,0.0012043886971337444,0.0031623069898712598
TennessenEuropean,200,10000,1000,,,,
TennessenEuropean,200,10000,1000,,,,
TennessenEuropean,200,10000,1000,0.0007600000155951883,3.3239388714288475e-09,0.00244270840381591,0.003162299848933246
TennessenEuropean,200,10000,1000,,,,
TennessenEuropean,200,10000,1000,0.0007700000040284809,3.3354892426807153e-09,0.006014824732139563,0.0031622520797050207
TennessenEuropean,200,10000,1000,,,,
TennessenEuropean,200,10000,1000,0.0007799999857444687,3.3195871055092123e-09,0.0004447792879998953,0.003162308970621682
TennessenEuropean,200,10000,1000,,,,
TennessenEuropean,200,10000,1000,0.0007899999984902833,3.3297002054542568e-09,0.0041343435263336056,0.0031622822569494827
TennessenEuropean,200,10000,1000,,,,
TennessenEuropean,200,10000,1000,0.0007999999975784117,3.3299507648002847e-09,0.01296047159528851,0.0031620436796737836
TennessenEuropean,200,10000,1000,,,,
TennessenEuropean,200,10000,1000,0.0008099999941263053,3.323737653084309e-09,0.009205203831407693,0.003162175300212942
TennessenEuropean,200,10000,1000,,,,
TennessenEuropean,200,10000,1000,,,,
TennessenEuropean,200,10000,1000,0.0008199999949761729,3.324381324962128e-09,0.00620462906053343,0.0031622484124563415
TennessenEuropean,200,10000,1000,,,,
TennessenEuropean,200,10000,1000,0.0008299999965084736,3.3207335471520807e-09,0.0015784301514700312,0.0031623053440622004
TennessenEuropean,200,10000,1000,,,,
TennessenEuropean,200,10000,1000,0.0008400000037419086,3.326179889078423e-09,0.00805075657106135,0.003162206799724398
TennessenEuropean,200,10000,1000,,,,
TennessenEuropean,200,10000,1000,0.0008499999983922991,3.3273655041687273e-09,0.007545267781672237,0.003162219265319005
TennessenEuropean,200,10000,1000,,,,
TennessenEuropean,200,10000,1000,0.0008600000189920769,3.3313166815833748e-09,0.005371301158919861,0.003162263665393572
TennessenEuropean,200,10000,1000,,,,
TennessenEuropean,200,10000,1000,0.0008700000005742571,3.3243035260833043e-09,0.010051760635259874,0.003162149522852044
TennessenEuropean,200,10000,1000,,,,
TennessenEuropean,200,10000,1000,,,,
TennessenEuropean,200,10000,1000,0.0008800000109511111,3.3292958737023277e-09,0.0072568484815254,0.0031622260157946743
TennessenEuropean,200,10000,1000,,,,
TennessenEuropean,200,10000,1000,0.0008900000086087772,3.3239785751156443e-09,0.005556514183409924,0.0031622604651303284
TennessenEuropean,200,10000,1000,,,,
TennessenEuropean,200,10000,1000,0.0008999999964862766,3.3179468533523996e-09,0.007565655387089423,0.0031622187781900324
TennessenEuropean,200,10000,1000,,,,
TennessenEuropean,200,10000,1000,0.0009099999982848337,3.313176313132123e-09,0.00045874747105149974,0.003162308950666517
TennessenEuropean,200,10000,1000,,,,
TennessenEuropean,200,10000,1000,0.0009199999925148586,3.3254737941531736e-09,0.009102810820071196,0.003162178264389795
TennessenEuropean,200,10000,1000,,,,
TennessenEuropean,200,10000,1000,0.0009299999749901071,3.3236365258934523e-09,0.008962719426920007,0.0031621822661792335
TennessenEuropean,200,10000,1000,,,,
TennessenEuropean,200,10000,1000,,,,
TennessenEuropean,200,10000,1000,0.000939999989304662,3.3426142198267897e-09,0.014022475670585193,0.00316199836597586
TennessenEuropean,200,10000,1000,,,,
TennessenEuropean,200,10000,1000,0.0009499999810024833,3.3348933110321948e-09,0.0035355149894991515,0.00316228951913604
TennessenEuropean,200,10000,1000,,,,
TennessenEuropean,200,10000,1000,0.0009599999860389309,3.333246798194442e-09,0.009985966475152822,0.003162151607496286
TennessenEuropean,200,10000,1000,,,,
TennessenEuropean,200,10000,1000,0.0009700000149220863,3.330175831260434e-09,0.00968724744603169,0.0031621609000176357
TennessenEuropean,200,10000,1000,,,,
TennessenEuropean,200,10000,1000,0.0009799999976822847,3.3213468777044403e-09,0.0110976214610349,0.0031621145468415943
TennessenEuropean,200,10000,1000,,,,
TennessenEuropean,200,10000,1000,0.0009900000025560296,3.330023814950502e-09,-0.001378783543838732,0.0031623062775732614
TennessenEuropean,200,10000,1000,,,,
TennessenEuropean,200,10000,1000,0.0009999972877395625,1.93361185429831e-09,0.013189696969402784,0.004473850137502011
