scales_true,scales_marg_hat,scales_jt_hat,eps_jt_hat,se_scales_jt_hat,se_eps_jt_hat,nsnps,thin,seeds,replicate,min_gen_dist
100,116.43179081132892,116.55241630596926,0.018589415037818184,17.198714537567522,0.00022632528724673292,27383,5,1,0,2.5759268496017285e-08
200,205.17972756216375,205.47184387435257,0.02000157079641899,22.616416861529306,0.00023437112347508832,27383,5,1,0,2.5759268496017285e-08
300,303.4656989335748,303.5627578679604,0.018039560934637388,13.100958707729388,0.00020664227452918835,27383,5,1,0,2.5759268496017285e-08
400,401.1988798763184,401.32242197821705,0.018799923846811648,12.737886398313305,0.00021411744075809243,27383,5,1,0,2.5759268496017285e-08
500,518.1366572346499,518.271315464917,0.019033877398801597,11.716948338837689,0.00021532061735230016,27383,5,1,0,2.5759268496017285e-08
600,606.0628723096153,606.1681623147193,0.01787811262698473,10.673349540428047,0.00021658484247277253,27383,5,1,0,2.5759268496017285e-08
700,673.968271632176,674.1428271155598,0.02044171894518807,10.926325709452511,0.00021471225164299937,27383,5,1,0,2.5759268496017285e-08
800,795.9879889737481,796.1422492840135,0.02015049907460231,9.652756417944728,0.00028955651271414187,27383,5,1,0,2.5759268496017285e-08
900,839.753676288774,839.8759504391487,0.01921296271512223,8.805413717155995,0.00021485874196670412,27383,5,1,0,2.5759268496017285e-08
100,97.92482746127018,98.28796940644054,0.0207221890764943,26.749336399576727,0.00031297564044908646,27383,5,2,0,2.5759268496017285e-08
200,181.97450470138403,182.29141730164872,0.02077943671583877,22.072349961727035,0.00025519708043230803,27383,5,2,0,2.5759268496017285e-08
300,294.1666202929319,294.51434584301603,0.021525746346075538,20.33754539990242,0.00021315781741955482,27383,5,2,0,2.5759268496017285e-08
400,373.57799705087547,373.7956295535175,0.021112728045184496,13.621998776880005,0.00022191685191322346,27383,5,2,0,2.5759268496017285e-08
500,557.4326499709244,557.6597657622589,0.02065404925649618,13.742312997336679,0.000217057701195047,27383,5,2,0,2.5759268496017285e-08
600,568.1491494926779,568.4338337459394,0.02223152698317243,14.731257456513822,0.0003034023143613068,27383,5,2,0,2.5759268496017285e-08
700,743.8458448333557,744.0574175399194,0.021318317029400086,11.724194451921434,0.00029795617003506,27383,5,2,0,2.5759268496017285e-08
800,921.7882506592885,921.9942454484213,0.022771222655870643,9.51570586894878,0.00029892507134457,27383,5,2,0,2.5759268496017285e-08
900,1039.5971148193437,1039.7787723419424,0.021872488229441312,9.071026551274265,0.0002957228436322923,27383,5,2,0,2.5759268496017285e-08
100,98.94687737311384,99.06174330815415,0.01839973383493394,18.00988691179329,0.00021175354801513367,27383,5,3,0,2.5759268496017285e-08
200,189.22321971226233,189.33273565801306,0.018182040193608803,15.791205695570717,0.00021804910310971293,27383,5,3,0,2.5759268496017285e-08
300,294.1393753508749,294.4375774642535,0.02144840618022029,17.983131683124213,0.00022845563802608207,27383,5,3,0,2.5759268496017285e-08
400,409.7956337134028,409.9170885522259,0.018293096476778955,12.751292578135793,0.0002118843129818576,27383,5,3,0,2.5759268496017285e-08
500,535.1805641508876,535.317400708657,0.01815556326134897,12.811828558986488,0.00021752397595757746,27383,5,3,0,2.5759268496017285e-08
600,670.8172298172221,670.91684749421,0.017478811834083934,10.771552194113635,0.00020709881100096903,27383,5,3,0,2.5759268496017285e-08
700,738.8653562310838,738.9749295121472,0.018275053662200953,9.409504984662203,0.0002066504434556052,27383,5,3,0,2.5759268496017285e-08
800,867.547649136988,867.7508429560489,0.022061825400698794,10.063682890118603,0.0002955927384855472,27383,5,3,0,2.5759268496017285e-08
900,957.4864182334428,957.6359595673257,0.02016135340658849,9.123974456125286,0.0002924907814589117,27383,5,3,0,2.5759268496017285e-08
100,95.8052309605162,96.11256514764123,0.02142132606787212,20.576632769513896,0.00022249707314730532,27383,5,4,0,2.5759268496017285e-08
200,212.48727294165084,212.7433371305839,0.02122025694381492,16.699114931399283,0.00023356049397218716,27383,5,4,0,2.5759268496017285e-08
300,318.77708771999977,319.0365094295194,0.021303103979864194,15.534494646111924,0.0002138969281143665,27383,5,4,0,2.5759268496017285e-08
400,421.5165979794634,421.7753429716689,0.021309162715946725,14.825176405748605,0.00021993945298023196,27383,5,4,0,2.5759268496017285e-08
500,564.8134604185012,565.0446671135761,0.021723768350553965,12.527238989518603,0.0002169502838733516,27383,5,4,0,2.5759268496017285e-08
600,629.7691848429179,629.9399413492051,0.020968854129020487,10.34388787053865,0.00023017723629455378,27383,5,4,0,2.5759268496017285e-08
700,741.1842510596052,741.403658415988,0.02268756901787742,10.763483157070073,0.00029755362163781424,27383,5,4,0,2.5759268496017285e-08
800,904.0074151116467,904.1752331250248,0.021678104122925188,9.071045332285847,0.0002974697276855694,27383,5,4,0,2.5759268496017285e-08
900,932.7571753034397,932.89060956926,0.021280720822156415,7.558819490883549,0.00029899586612015263,27383,5,4,0,2.5759268496017285e-08
100,103.62408223470908,103.82850794645708,0.020109150931807013,18.271029017302688,0.00022039918368198502,27383,5,5,0,2.5759268496017285e-08
200,215.9477631507197,216.19857561264067,0.020130729683711917,19.242863958033087,0.00022834541627349118,27383,5,5,0,2.5759268496017285e-08
300,302.6740630527538,302.9690525088792,0.020458717620881733,19.498377952856252,0.00025387684374913755,27383,5,5,0,2.5759268496017285e-08
400,407.43132510235796,407.6108028815256,0.020194345648582274,12.940802658469133,0.00022305468810849906,27383,5,5,0,2.5759268496017285e-08
500,577.8717839676085,578.0019374385495,0.018615774099777757,11.509736643342071,0.00021795934906203526,27383,5,5,0,2.5759268496017285e-08
600,715.5193674582556,715.6979069810935,0.020057670020696437,11.318347381896439,0.0002103310655185114,27383,5,5,0,2.5759268496017285e-08
700,743.6100888442762,743.79071055725,0.02016223432060229,11.191473536087676,0.00021149836328774254,27383,5,5,0,2.5759268496017285e-08
800,891.5335256968517,891.7024983019273,0.020123808910827615,10.109392130531598,0.00029088783100800165,27383,5,5,0,2.5759268496017285e-08
900,1003.7343834020406,1003.8495935042163,0.018813843445734987,8.404449913600224,0.0002868646682517037,27383,5,5,0,2.5759268496017285e-08
100,108.22307239291567,108.42156533530093,0.018963437345423745,23.216188940618746,0.0002346517307429806,27383,5,6,0,2.5759268496017285e-08
200,194.77714768492567,195.09252814319993,0.019481167230578328,27.281557224561354,0.0002489103054814553,27383,5,6,0,2.5759268496017285e-08
300,324.6875929896854,324.892290164498,0.019907928773398604,15.365526360897212,0.00022116752882833242,27383,5,6,0,2.5759268496017285e-08
400,425.7146289557575,425.8825887786574,0.01983261458105289,12.695640957406013,0.00021545877765694093,27383,5,6,0,2.5759268496017285e-08
500,506.68679033658975,506.9306214695943,0.020422980295301194,15.6144381715098,0.00021551564219071258,27383,5,6,0,2.5759268496017285e-08
600,605.1298245224991,605.2704632866448,0.018886607107523445,11.235746105845184,0.0002123301133511838,27383,5,6,0,2.5759268496017285e-08
700,777.4658097994494,777.6137209936159,0.019258944885210915,10.23247554993916,0.00020922090688959104,27383,5,6,0,2.5759268496017285e-08
800,816.6334978596159,816.7843715134578,0.019258800754413476,10.323578755076838,0.00028096718251028127,27383,5,6,0,2.5759268496017285e-08
900,941.2230235316583,941.3791907963569,0.020014857395686987,9.670810180285136,0.00028920203520379627,27383,5,6,0,2.5759268496017285e-08
100,102.43925951671771,102.67126937032455,0.01966203608448607,22.584223289307598,0.00026016203821114105,27383,5,7,0,2.5759268496017285e-08
200,201.8803911091647,202.097912955844,0.01998375138150394,17.69437062052286,0.00021983044556302857,27383,5,7,0,2.5759268496017285e-08
300,299.87711145462526,300.06557261575955,0.019541975518330073,16.129102905884903,0.00022380845233341298,27383,5,7,0,2.5759268496017285e-08
400,395.414560394402,395.63599635769316,0.020061754071323844,15.453396242410717,0.00022790505906721852,27383,5,7,0,2.5759268496017285e-08
500,477.45511084189746,477.65524647978117,0.01955599213791508,14.63245102268158,0.00021537736707674663,27383,5,7,0,2.5759268496017285e-08
600,618.0108024191246,618.2139566290155,0.020261612926632713,12.71256796840951,0.00021370616048669252,27383,5,7,0,2.5759268496017285e-08
700,759.8115067132425,759.9685596042009,0.019810795505339072,10.353544155274545,0.00021562522097730066,27383,5,7,0,2.5759268496017285e-08
800,838.1054614843468,838.2743694554787,0.020979821353617294,9.687320495471091,0.0002934139575823749,27383,5,7,0,2.5759268496017285e-08
900,923.1265515547951,923.267291724775,0.019850770400876194,9.007396178762912,0.0002913555595691277,27383,5,7,0,2.5759268496017285e-08
100,95.85291194143603,96.19205705377722,0.02116797410641248,23.560019498345152,0.00024049005839313646,27383,5,8,0,2.5759268496017285e-08
200,195.52239680818334,195.82532182759581,0.021291957739265066,19.422872142318074,0.00025191071188065945,27383,5,8,0,2.5759268496017285e-08
300,308.8228129449316,309.13111687600957,0.020949799345447693,19.182228318545768,0.00023070128192074384,27383,5,8,0,2.5759268496017285e-08
400,447.66116886120403,447.96372857103324,0.02195172268271454,15.908043664077203,0.00021706479319418912,27383,5,8,0,2.5759268496017285e-08
500,525.5811434206768,525.7885738784538,0.020804931759812545,13.037620807365094,0.00022609577058228068,27383,5,8,0,2.5759268496017285e-08
600,618.1236314220654,618.3322468717099,0.021017446945214957,11.981709265467304,0.00021681330081364998,27383,5,8,0,2.5759268496017285e-08
700,739.8407597645912,740.0618884084181,0.021909346788003582,11.317337971396466,0.00029768260634381545,27383,5,8,0,2.5759268496017285e-08
800,855.7026314278583,855.9267935974079,0.02197737386232694,10.916060208411732,0.0002998213979868269,27383,5,8,0,2.5759268496017285e-08
900,909.0215853458579,909.1842532557819,0.0216797347121738,8.586112297302982,0.0002987758395465853,27383,5,8,0,2.5759268496017285e-08
100,102.9488461271308,103.00338623391265,0.017296676399076037,18.758657830841447,0.00021744094889832356,27383,5,9,0,2.5759268496017285e-08
200,201.1849680819543,201.2956202042943,0.017850477033430723,17.513145610987177,0.0002327622847463046,27383,5,9,0,2.5759268496017285e-08
300,304.0186104685131,304.29392622992816,0.02052331364212504,18.480053208408602,0.00022591948250733085,27383,5,9,0,2.5759268496017285e-08
400,447.49768793797205,447.69243019469263,0.01947514817258212,14.818347888118884,0.00022759706413904868,27383,5,9,0,2.5759268496017285e-08
500,533.3609826877802,533.4408183137524,0.01708136845317623,10.428795553311232,0.00020294963002970293,27383,5,9,0,2.5759268496017285e-08
600,631.657981936524,631.826933833787,0.020377631289570274,10.600530340626515,0.0002163550443127498,27383,5,9,0,2.5759268496017285e-08
700,712.676599983323,712.7627728256184,0.017099512048815116,9.589446157469398,0.00019920815156281095,27383,5,9,0,2.5759268496017285e-08
800,841.3345985720455,841.4206430450038,0.01723582357583632,8.70827267990422,0.00020502100754450395,27383,5,9,0,2.5759268496017285e-08
900,979.3701494664009,979.5397241566357,0.02123327627551358,9.124578243516472,0.00029321984378212983,27383,5,9,0,2.5759268496017285e-08
100,117.21675768860639,117.50025962185819,0.02040391164635274,22.277540215778505,0.00023931103910319727,27383,5,10,0,2.5759268496017285e-08
200,219.77659725147456,220.07428320579615,0.02042436992448193,21.5479191406727,0.00025260407913186135,27383,5,10,0,2.5759268496017285e-08
300,321.2322869801615,321.403223562629,0.01939677374778388,14.887094476216244,0.00022496937975252204,27383,5,10,0,2.5759268496017285e-08
400,410.81383133912385,410.9249830779982,0.01901375454144917,11.061106018139197,0.00020640080285564492,27383,5,10,0,2.5759268496017285e-08
500,502.0348396747019,502.2180404853578,0.020694671594197547,11.780072354203135,0.00022234185449308402,27383,5,10,0,2.5759268496017285e-08
600,730.7904136137458,730.939938949932,0.019406552040993022,10.517615353300839,0.0002193734989753176,27383,5,10,0,2.5759268496017285e-08
700,735.6638910489258,735.8799647351137,0.02143893771152224,11.769815437669479,0.0003048029112903105,27383,5,10,0,2.5759268496017285e-08
800,837.1312758089672,837.2570305746099,0.018899821203262793,9.093482618766481,0.000211893557357981,27383,5,10,0,2.5759268496017285e-08
900,895.2883469679199,895.3906487646284,0.018983364989246163,7.6816557632488625,0.000209824721046973,27383,5,10,0,2.5759268496017285e-08
100,96.63681768793852,96.8040031167892,0.019287324529518944,18.769641223158214,0.00022640323343150657,27383,5,11,0,2.5759268496017285e-08
200,217.74140812462772,218.08970963003182,0.02172979391222455,20.493871667513815,0.0002281265532549542,27383,5,11,0,2.5759268496017285e-08
300,309.8817284197328,310.2365998794845,0.022214930865372122,18.728950097061308,0.0002507658989191378,27383,5,11,0,2.5759268496017285e-08
400,432.1604713232883,432.45973686951595,0.022196142779563856,15.482705677975828,0.00022343005787370422,27383,5,11,0,2.5759268496017285e-08
500,548.0519486759348,548.1677159511736,0.018672885798480757,10.837937361716264,0.0002065181918104646,27383,5,11,0,2.5759268496017285e-08
600,607.5802084989907,607.8344645634959,0.022592352734669096,12.715979908478452,0.000310564556765411,27383,5,11,0,2.5759268496017285e-08
700,719.5221083914679,719.6713453974504,0.019286780098758883,10.424364846420552,0.00021641291642339905,27383,5,11,0,2.5759268496017285e-08
800,812.8574359817173,813.0852459854603,0.022385361072690003,11.05753336725491,0.00030428474777256846,27383,5,11,0,2.5759268496017285e-08
900,1011.3223717613334,1011.4883011870389,0.021585119386525815,8.555729018148009,0.0002942444412144525,27383,5,11,0,2.5759268496017285e-08
100,93.7523683753491,93.90628477742072,0.018838812203006972,19.947013226059887,0.00022340200650747705,27383,5,12,0,2.5759268496017285e-08
200,185.7268230036602,186.14343203554049,0.02214050306115534,22.951420218302964,0.00027468889143148173,27383,5,12,0,2.5759268496017285e-08
300,330.17628966180405,330.4955103179591,0.021096716875516924,19.00493093794089,0.00022370614105795194,27383,5,12,0,2.5759268496017285e-08
400,430.13083864164054,430.39868415007965,0.021806219807527567,14.350792877485434,0.00022173487162819889,27383,5,12,0,2.5759268496017285e-08
500,535.6482857797346,535.879894861671,0.021039148491219576,13.531433199889937,0.0002141745346842911,27383,5,12,0,2.5759268496017285e-08
600,617.5509099652822,617.6720310801335,0.018241352549708628,11.073360329233038,0.00021337976941353923,27383,5,12,0,2.5759268496017285e-08
700,792.7660608607933,792.8938949434912,0.018745933435858907,9.794947918174238,0.00021820419465962878,27383,5,12,0,2.5759268496017285e-08
800,916.4511574010786,916.68986890021,0.021709213040219274,11.672126580402656,0.00028992579504072093,27383,5,12,0,2.5759268496017285e-08
900,920.3062176148286,920.4733984687398,0.021365825780087614,9.37797679569011,0.00030062583482960443,27383,5,12,0,2.5759268496017285e-08
100,100.14419962198176,100.19704578256292,0.01700031347627768,22.063103715131444,0.00022169146945709585,27383,5,13,0,2.5759268496017285e-08
200,236.41485708308667,236.55058693331924,0.019030363471202273,14.503956656477136,0.00021412926211296495,27383,5,13,0,2.5759268496017285e-08
300,305.6467770566076,305.8136534588658,0.01919372434861186,15.326224767453587,0.00021152763821751734,27383,5,13,0,2.5759268496017285e-08
400,385.53826613409507,385.6237468792331,0.01696132720988481,14.236753917754918,0.00020949888733150324,27383,5,13,0,2.5759268496017285e-08
500,515.6551304454601,515.8036495075709,0.018808746976106034,13.050527368207446,0.0002091135416358058,27383,5,13,0,2.5759268496017285e-08
600,661.1204560158843,661.3100827127038,0.020215994287474188,11.963703459411972,0.0002208990136009788,27383,5,13,0,2.5759268496017285e-08
700,757.6431275425123,757.7884929745481,0.019886357227864082,9.386375635188564,0.0002254932712499862,27383,5,13,0,2.5759268496017285e-08
800,836.0545924220687,836.1304769048393,0.017079592172835226,8.04714318573358,0.00020737593408516448,27383,5,13,0,2.5759268496017285e-08
900,964.7070759756057,964.8149236811221,0.018116620719028115,8.728410170156474,0.00028828340293883764,27383,5,13,0,2.5759268496017285e-08
100,97.69145088271497,98.17678387171786,0.022701948371236215,26.04669401078324,0.00025898698639445836,27383,5,14,0,2.5759268496017285e-08
200,207.78089704116383,207.95644876482027,0.01957761675894451,15.99962529235705,0.00022932203726176226,27383,5,14,0,2.5759268496017285e-08
300,309.0151850020546,309.3778383633727,0.022898246199823693,17.781676657837377,0.0002306120412289998,27383,5,14,0,2.5759268496017285e-08
400,409.3123982428974,409.635395286639,0.02286656489355448,15.585153342450928,0.00024673553665946815,27383,5,14,0,2.5759268496017285e-08
500,514.7949412065891,515.0703931957358,0.022834476918391605,13.027690892971197,0.00022571730018341568,27383,5,14,0,2.5759268496017285e-08
600,619.7584681231201,620.0214188941028,0.022188623688883236,13.357628416699347,0.0003042456732115288,27383,5,14,0,2.5759268496017285e-08
700,789.4228264797372,789.5986751448044,0.02164593068386842,9.508102546836259,0.00029547750995580907,27383,5,14,0,2.5759268496017285e-08
800,877.4829428028902,877.6119347153929,0.019602198564736027,8.538686775642054,0.00029461605498314075,27383,5,14,0,2.5759268496017285e-08
900,921.459335895012,921.6350027278694,0.02189931831104872,8.977845615459797,0.0002998111101721338,27383,5,14,0,2.5759268496017285e-08
100,105.91710402655606,106.14542882299247,0.019954703452631,20.782051946680415,0.00023510075810023005,27383,5,15,0,2.5759268496017285e-08
200,211.05762458045555,211.3900624629313,0.02088629814543724,21.816063727732693,0.00022700635236999457,27383,5,15,0,2.5759268496017285e-08
300,313.9283764798499,314.12489755636227,0.01988652979000439,15.207370428433144,0.00021151162580055466,27383,5,15,0,2.5759268496017285e-08
400,391.37775786484434,391.5507502067298,0.01980872773383526,13.2777060803043,0.00021448616142002904,27383,5,15,0,2.5759268496017285e-08
500,512.832104876462,513.0569243805588,0.02075172758562673,13.719603999049326,0.0002166196258930736,27383,5,15,0,2.5759268496017285e-08
600,663.2871770069409,663.5099843866958,0.020560688590555477,13.229153201290416,0.00021776116939806032,27383,5,15,0,2.5759268496017285e-08
700,729.1651182790501,729.3172491614375,0.01957880832953084,10.533517506756091,0.0002138541500519207,27383,5,15,0,2.5759268496017285e-08
800,786.360759905756,786.5444082846235,0.021527797206433556,9.951848649502333,0.0003019001018895289,27383,5,15,0,2.5759268496017285e-08
900,979.3576299485043,979.4871715979745,0.020354028277920575,7.8788396098305045,0.0002954901147096027,27383,5,15,0,2.5759268496017285e-08
100,108.35950232302169,108.45790427028858,0.017519420649206606,22.911562175986358,0.0002779374133880592,27383,5,16,0,2.5759268496017285e-08
200,211.94174870039103,212.21658639090995,0.021166866787044065,17.869837008077404,0.00022096769231781535,27383,5,16,0,2.5759268496017285e-08
300,359.9394988910815,360.1980246351073,0.021762556681069124,14.522063379017267,0.00022676703063550943,27383,5,16,0,2.5759268496017285e-08
400,431.7072220278952,431.9607831254595,0.02200193743472709,13.731808160028967,0.00022527844386814206,27383,5,16,0,2.5759268496017285e-08
500,509.2669099281651,509.44001271347435,0.01865569106209189,14.579271538222924,0.00022516476638297095,27383,5,16,0,2.5759268496017285e-08
600,595.8761959585581,596.1766150770126,0.023042234344538816,13.8496978724224,0.00031030383306332655,27383,5,16,0,2.5759268496017285e-08
700,788.7813445491573,788.9896000727447,0.022139837734992382,10.542592799349874,0.00030229326614681496,27383,5,16,0,2.5759268496017285e-08
800,925.9128462456986,925.9796825602375,0.017110067313576303,7.259369474718577,0.00020393653564886795,27383,5,16,0,2.5759268496017285e-08
900,991.768380457512,991.8582397830803,0.017114532526531646,8.508915983960355,0.0002808306541950128,27383,5,16,0,2.5759268496017285e-08
100,118.36842253149288,118.60430497739246,0.02007755343398794,20.359194881644555,0.0002390726151548558,27383,5,17,0,2.5759268496017285e-08
200,213.36471825083623,213.67201565817885,0.02191410504383006,17.796526467953026,0.0002626072676601016,27383,5,17,0,2.5759268496017285e-08
300,302.6169971287173,302.79795224792053,0.019585374525340364,15.095559847356379,0.00022423946272542568,27383,5,17,0,2.5759268496017285e-08
400,400.6958346594209,400.8907838694024,0.02009876063988738,13.934593065024321,0.00022827262902513798,27383,5,17,0,2.5759268496017285e-08
500,502.0146467978955,502.16705270457084,0.019706487368856683,11.496061608841853,0.00021065600889136294,27383,5,17,0,2.5759268496017285e-08
600,585.9013666150462,586.0902918088374,0.020945726366321814,11.286397625505572,0.00021404275450015014,27383,5,17,0,2.5759268496017285e-08
700,722.3213630806714,722.5438137419668,0.022753990797052932,10.671953577839503,0.0003022851599332388,27383,5,17,0,2.5759268496017285e-08
800,760.5440901170953,760.7511733455052,0.02207233359043964,10.635281553209538,0.0002953898620765068,27383,5,17,0,2.5759268496017285e-08
900,1033.536909168202,1033.7008523670643,0.020446419404008983,9.692217843483434,0.00029067501617875533,27383,5,17,0,2.5759268496017285e-08
100,99.11715260060616,99.37561756346769,0.020081098230465503,22.616351133835508,0.00023116484650303353,27383,5,18,0,2.5759268496017285e-08
200,185.5292185889631,185.64744112777416,0.019087125676506802,13.224827732502893,0.00021009306693120714,27383,5,18,0,2.5759268496017285e-08
300,285.1462068500435,285.4026847795842,0.02057240693922053,17.669308075757055,0.0002469556885858179,27383,5,18,0,2.5759268496017285e-08
400,443.99737155216957,444.26271959040565,0.021361422478642315,15.404579330581637,0.00022309845636978064,27383,5,18,0,2.5759268496017285e-08
500,516.0253043866143,516.1353950252285,0.0184951637612935,11.116186131658095,0.00020988097409967895,27383,5,18,0,2.5759268496017285e-08
600,650.7624838070074,650.8993797759517,0.01892000299997059,11.026144060956494,0.00021119004505166234,27383,5,18,0,2.5759268496017285e-08
700,686.5219258924847,686.701241856186,0.02021207250363193,11.577469380719439,0.0002125368679320778,27383,5,18,0,2.5759268496017285e-08
800,798.0602952836616,798.1690982168082,0.018257146260457907,9.04792825718856,0.0002086363136707353,27383,5,18,0,2.5759268496017285e-08
900,972.168547353208,972.2719414107855,0.0195351160399833,7.272284042496227,0.00021219262841482475,27383,5,18,0,2.5759268496017285e-08
100,110.08359689089995,110.4475149659986,0.022709959087323886,19.759787151537594,0.00022668899246957485,27383,5,19,0,2.5759268496017285e-08
200,212.0574246712617,212.40932625884435,0.0230454516778995,17.53470254548551,0.00022849599377678382,27383,5,19,0,2.5759268496017285e-08
300,327.2658001533931,327.58364462165457,0.0224156726603957,16.66761226064572,0.00021648061759703651,27383,5,19,0,2.5759268496017285e-08
400,415.4884283242628,415.78844202997794,0.02241825079277729,15.326261596398401,0.0002230595239824691,27383,5,19,0,2.5759268496017285e-08
500,479.31368185900266,479.427840423474,0.01894115439116979,10.629281911382314,0.00020781314539800155,27383,5,19,0,2.5759268496017285e-08
600,657.9782345453091,658.2364574514995,0.02327674430701706,11.752352406364865,0.0003020382105049873,27383,5,19,0,2.5759268496017285e-08
700,712.6415854969097,712.8733560587785,0.023236908962321404,10.606725262065694,0.00029837053292300055,27383,5,19,0,2.5759268496017285e-08
800,892.2276543893292,892.4157233441414,0.02224563660796283,9.453087593771041,0.00029869379448439114,27383,5,19,0,2.5759268496017285e-08
900,1091.467232045768,1091.6508428514394,0.022286307701143513,8.699149675761449,0.0002971147037905003,27383,5,19,0,2.5759268496017285e-08
100,104.22473523449551,104.46686027204301,0.020596090717133156,17.811683603824438,0.00038428394999215695,13692,10,1,0,8.236635840042084e-08
200,206.89133861371965,207.05364713304527,0.01911220654819341,13.534722552576088,0.0003238052886723096,13692,10,1,0,8.236635840042084e-08
300,311.0249837024249,311.20021259040584,0.020118551840681904,11.427796562998568,0.0003204038886073499,13692,10,1,0,8.236635840042084e-08
400,420.5534770947238,420.67257185074277,0.018911840593181184,8.953059158735071,0.0003131375206850501,13692,10,1,0,8.236635840042084e-08
500,501.9096867232355,501.9737063748394,0.01734281588688805,6.319633929025465,0.00029864782170359024,13692,10,1,0,8.236635840042084e-08
600,543.7937059809277,543.903991877622,0.01984776207966531,7.115536468067686,0.00041925526631749887,13692,10,1,0,8.236635840042084e-08
700,776.7611830184801,776.8714143585605,0.019950656775719187,6.457814026811626,0.00041757275495143904,13692,10,1,0,8.236635840042084e-08
800,816.7355783757367,816.8526702174411,0.020164662340313028,6.308947463605845,0.00040886971275943515,13692,10,1,0,8.236635840042084e-08
900,890.9981178513752,891.1029034963576,0.019950157073991746,5.768072537587253,0.0004132688683637435,13692,10,1,0,8.236635840042084e-08
100,82.12862954057738,82.41848781176711,0.020812903036568124,20.442525381096942,0.00040378620344409675,13692,10,2,0,8.236635840042084e-08
200,184.17038397004367,184.4381473204915,0.02159957033224352,15.041139223108214,0.0003587608212660051,13692,10,2,0,8.236635840042084e-08
300,314.60525864381793,314.9120465024577,0.02268288133467911,14.193323708962764,0.0004643685324897302,13692,10,2,0,8.236635840042084e-08
400,416.92196056189124,417.1087690148026,0.020891888063338165,10.443061372989057,0.00043013959103504194,13692,10,2,0,8.236635840042084e-08
500,518.0304265428255,518.2021855249818,0.019958041898262963,9.95265422306656,0.00041437468573995165,13692,10,2,0,8.236635840042084e-08
600,624.5110550983745,624.6438343042214,0.020002900232108736,7.451064661478489,0.0004195438870416785,13692,10,2,0,8.236635840042084e-08
700,757.7272852727677,757.8413298709586,0.020473143396448946,6.2218221232606705,0.0004155382150574717,13692,10,2,0,8.236635840042084e-08
800,737.807304634853,737.9095668836039,0.02012037682963055,5.905312893659507,0.0004175178039751347,13692,10,2,0,8.236635840042084e-08
900,979.4183523339816,979.5257945705321,0.019782110579329153,5.808301464985069,0.00041435928308356657,13692,10,2,0,8.236635840042084e-08
100,101.14831849448379,101.48427364575203,0.021328249861975214,20.916883825039143,0.00039392977794462474,13692,10,3,0,8.236635840042084e-08
200,192.99348185317288,193.2618006429144,0.020146498545240827,17.95884828191713,0.0003717306535620814,13692,10,3,0,8.236635840042084e-08
300,367.92077667881085,368.1091208782393,0.021948579363543323,10.053780888151922,0.0004470354278373433,13692,10,3,0,8.236635840042084e-08
400,412.9110555385276,413.04879290740416,0.020494574114405,8.515574984335283,0.0003163183719409557,13692,10,3,0,8.236635840042084e-08
500,548.1597470504196,548.3553842555538,0.020413800644483067,10.131859956176438,0.0004379533433375546,13692,10,3,0,8.236635840042084e-08
600,643.6835141868456,643.8451987121513,0.021168390425135814,8.08152247602116,0.00042342752674051485,13692,10,3,0,8.236635840042084e-08
700,775.9104697762358,776.0280470871386,0.018398850047350833,6.833087579965713,0.00040719921772417513,13692,10,3,0,8.236635840042084e-08
800,980.7798003785155,980.8891219324584,0.01978698848132983,5.905421277502298,0.00041605001288220166,13692,10,3,0,8.236635840042084e-08
900,983.6119487375003,983.7093992330549,0.02178594417947781,4.79420630904526,0.0004279211186345028,13692,10,3,0,8.236635840042084e-08
100,111.7477022368072,112.03013072755782,0.02119349666549526,18.1937312036035,0.0004171966466638411,13692,10,4,0,8.236635840042084e-08
200,222.3763105245743,222.6630274489717,0.02139360084668977,15.706242368908,0.0003585283916532789,13692,10,4,0,8.236635840042084e-08
300,308.5534663735863,308.69614642378474,0.019222827878562204,10.977996606593964,0.0003122181047819557,13692,10,4,0,8.236635840042084e-08
400,429.1651068594514,429.36985224539126,0.023005482589038485,9.512209355508014,0.0004291371520773173,13692,10,4,0,8.236635840042084e-08
500,572.2924569392198,572.4489073165776,0.019510294097938596,8.514900061438619,0.00042647753034547384,13692,10,4,0,8.236635840042084e-08
600,680.9433837706538,681.0527758309586,0.019721874305749575,6.4990136887691135,0.0004129819987290817,13692,10,4,0,8.236635840042084e-08
700,761.6202616452324,761.7513866767696,0.021348950254362436,6.522061745620704,0.00042025258995107646,13692,10,4,0,8.236635840042084e-08
800,915.5111794350659,915.6383002751024,0.021902381634998646,6.164727007162377,0.0004266010968251815,13692,10,4,0,8.236635840042084e-08
900,1090.9277182102514,1091.0265577803298,0.02034805922402588,5.206205715396311,0.0004205467529207068,13692,10,4,0,8.236635840042084e-08
100,121.00721066983049,121.4045310123828,0.0225015108487524,20.323433220762464,0.00047616620664064853,13692,10,5,0,8.236635840042084e-08
200,195.0939123811902,195.46945194876358,0.02423962135911937,16.200391137251795,0.0004773826685133112,13692,10,5,0,8.236635840042084e-08
300,357.7248848601941,357.9641912088644,0.022336656684413564,11.757365463450506,0.0004682202414480482,13692,10,5,0,8.236635840042084e-08
400,405.93395787091305,406.22254314492073,0.021974339200431358,13.809607805715787,0.00046776100045190156,13692,10,5,0,8.236635840042084e-08
500,551.9002324556648,552.0847682642878,0.02273797620277991,8.549840189771295,0.0004265327291399045,13692,10,5,0,8.236635840042084e-08
600,661.5358207943992,661.6881383050903,0.02129339473069081,7.681866811877511,0.0004176280881045372,13692,10,5,0,8.236635840042084e-08
700,851.6823804773688,851.7992476651383,0.01927204851910553,6.474971195990779,0.00041443644843207567,13692,10,5,0,8.236635840042084e-08
800,912.0734770453505,912.1809359103642,0.01974923239826025,5.819241692352881,0.0004241753786350941,13692,10,5,0,8.236635840042084e-08
900,957.9672725007547,958.0719499539601,0.019916578398401698,5.624137721351086,0.00042057834184004185,13692,10,5,0,8.236635840042084e-08
100,110.53540627480564,110.58693376519442,0.017215522714491366,13.503652977877941,0.0003031881895239819,13692,10,6,0,8.236635840042084e-08
200,211.71782665092852,211.87281676874102,0.01846937151634395,14.494487151793129,0.00032548228964454287,13692,10,6,0,8.236635840042084e-08
300,306.5140838714434,306.60759661022723,0.017619892970577724,10.382540445568964,0.00030099539196014633,13692,10,6,0,8.236635840042084e-08
400,437.2820940376399,437.383933228513,0.018896636739156626,7.881612599907861,0.0003042337864395349,13692,10,6,0,8.236635840042084e-08
500,477.4907031983281,477.6213817544374,0.01966623651736276,8.448591696147188,0.0004232200666953607,13692,10,6,0,8.236635840042084e-08
600,556.3591039847865,556.5385521856227,0.02057183796866703,9.412791985288898,0.0004216114463158179,13692,10,6,0,8.236635840042084e-08
700,682.8728312732156,682.9700727895552,0.01940675204262974,5.86612174326707,0.00040973172415224694,13692,10,6,0,8.236635840042084e-08
800,818.8511388481903,818.9169740074414,0.017304617267319793,5.217513674177378,0.0003973238590002148,13692,10,6,0,8.236635840042084e-08
900,871.8129162198443,871.9040328882945,0.017139511121282588,5.836771124489825,0.00039768757155264026,13692,10,6,0,8.236635840042084e-08
100,91.4288132628056,91.73625275114374,0.020633310914438145,22.103358200422623,0.0003874944820012855,13692,10,7,0,8.236635840042084e-08
200,222.8046088414178,222.97579006943946,0.019790701440482384,12.912300527868366,0.00032543767838503487,13692,10,7,0,8.236635840042084e-08
300,333.0334207831469,333.19227392137526,0.019160156374135484,11.706732105404733,0.0003116705350658155,13692,10,7,0,8.236635840042084e-08
400,424.75618381602493,424.9298732573943,0.019962089644313202,10.60797662831452,0.00042997797047689736,13692,10,7,0,8.236635840042084e-08
500,534.2731919366466,534.3878093639413,0.01708079570543837,8.810537357798216,0.0003917995527732171,13692,10,7,0,8.236635840042084e-08
600,660.4434032169875,660.5197650304215,0.016481519366459814,6.366248671255696,0.00038533542653069477,13692,10,7,0,8.236635840042084e-08
700,727.685525074716,727.7604501257938,0.01593997791129608,6.279833918892737,0.0003777284204196144,13692,10,7,0,8.236635840042084e-08
800,873.1195954632742,873.1870728868968,0.016654321499228852,5.2515130212208065,0.000391728430048736,13692,10,7,0,8.236635840042084e-08
900,913.0949559080224,913.1781954884575,0.020273717953385128,4.720613411936784,0.00042194002336201603,13692,10,7,0,8.236635840042084e-08
100,113.01619638327415,113.16058994249221,0.01867149805653985,17.1246598569394,0.0003328049286794016,13692,10,8,0,8.236635840042084e-08
200,210.31241357085148,210.5385632815316,0.020494534622314018,14.264059626482489,0.0003334247172282079,13692,10,8,0,8.236635840042084e-08
300,287.2188193538063,287.46029156264524,0.020939929386361463,13.838715035513202,0.0004646424128724897,13692,10,8,0,8.236635840042084e-08
400,432.2533389142964,432.4600792853779,0.020638415121381967,11.51399123181816,0.0004332513340865923,13692,10,8,0,8.236635840042084e-08
500,575.2476108580094,575.3842095042213,0.021312606954887486,7.444975299356804,0.00042592116090897235,13692,10,8,0,8.236635840042084e-08
600,609.3915000815592,609.5379425993569,0.018982520014796184,8.20798562425203,0.0004146534460997041,13692,10,8,0,8.236635840042084e-08
700,805.7108349065029,805.8138667862038,0.018529425895371654,5.963333784161062,0.0004043711738218288,13692,10,8,0,8.236635840042084e-08
800,860.385749164275,860.4907875174555,0.01867767629371333,6.026579682398539,0.0004133318843746764,13692,10,8,0,8.236635840042084e-08
900,1053.9026255411734,1053.993235556673,0.018819520747283602,5.182992560297246,0.0004077146257564264,13692,10,8,0,8.236635840042084e-08
100,99.36927872552937,99.55544652932794,0.01803179765093894,22.39553149864822,0.0004268677447178542,13692,10,9,0,8.236635840042084e-08
200,195.17256543538707,195.35414515261903,0.018818013967784132,16.133192816347957,0.0003267873715555143,13692,10,9,0,8.236635840042084e-08
300,329.59166054990726,329.7924308633328,0.02001573427265268,12.757378184555003,0.00044118163084423315,13692,10,9,0,8.236635840042084e-08
400,438.7991584706131,438.97802091755113,0.02111819396303761,9.500255131739566,0.0004310718287937892,13692,10,9,0,8.236635840042084e-08
500,528.6613731118216,528.771889037768,0.019024024773041805,7.508847800772785,0.00040776366026916563,13692,10,9,0,8.236635840042084e-08
600,643.6199126301774,643.758176295407,0.019140969443227074,8.231596116352817,0.00040332945724667706,13692,10,9,0,8.236635840042084e-08
700,669.2549658664391,669.3463362489745,0.019002039096883774,6.112343412267685,0.0004122011999385547,13692,10,9,0,8.236635840042084e-08
800,851.4141084981326,851.5143679718414,0.019202897904793806,5.831144083404723,0.0004047323619031523,13692,10,9,0,8.236635840042084e-08
900,1011.5576426292738,1011.631753047936,0.01703655723660832,4.85183798445184,0.0004085909433662562,13692,10,9,0,8.236635840042084e-08
100,87.77023684614736,88.02227309062816,0.020368172554014696,18.977431977770234,0.00040309616034464086,13692,10,10,0,8.236635840042084e-08
200,220.73112247903347,220.99324430085736,0.021417830641552532,14.744540062283091,0.0003447615268217569,13692,10,10,0,8.236635840042084e-08
300,279.3346421673538,279.5688180436823,0.02043854181420824,14.310520952559743,0.00032840032086994597,13692,10,10,0,8.236635840042084e-08
400,435.79297825926534,435.95246481768703,0.020434942042005227,9.58674190257027,0.00043466380043518673,13692,10,10,0,8.236635840042084e-08
500,502.1720175789378,502.3182043978842,0.019382392841745765,8.755231546814679,0.00041287185135325616,13692,10,10,0,8.236635840042084e-08
600,573.2491355979091,573.4123764087667,0.021957649864592435,7.854918762602108,0.0004223187319748411,13692,10,10,0,8.236635840042084e-08
700,675.090480365262,675.2320651434444,0.020397964472520465,7.369603881203806,0.00043089933293666223,13692,10,10,0,8.236635840042084e-08
800,795.1927961775606,795.278967904815,0.01656148778481881,6.083767648476484,0.00039108402503923093,13692,10,10,0,8.236635840042084e-08
900,929.3877802949248,929.4751298085746,0.02012363241754948,4.731927357228041,0.00041539980334209293,13692,10,10,0,8.236635840042084e-08
100,91.8558267638595,92.03285493932435,0.01922136369401847,18.292198799597575,0.0003631478969079645,13692,10,11,0,8.236635840042084e-08
200,202.02873478842562,202.18746590776976,0.018732485298814383,15.004635895464409,0.0003055396883965256,13692,10,11,0,8.236635840042084e-08
300,328.25674159790805,328.5530852137567,0.021465754931533087,15.132261969095495,0.0004781880983486881,13692,10,11,0,8.236635840042084e-08
400,397.3165657924456,397.4548517838046,0.01886611275810773,10.638064194300506,0.0003113897857415188,13692,10,11,0,8.236635840042084e-08
500,520.4892864800381,520.6765203661374,0.021265273538772698,9.297622762485194,0.00043360165772171367,13692,10,11,0,8.236635840042084e-08
600,682.7132262661991,682.8609144401267,0.02207814877484178,7.081307776351634,0.00042686361226105813,13692,10,11,0,8.236635840042084e-08
700,754.6637496656465,754.7902380893498,0.020976042801940653,6.41171974222751,0.00042987353181865183,13692,10,11,0,8.236635840042084e-08
800,874.270066775344,874.3745219735468,0.02020729495724172,5.761592096812219,0.000420763638010706,13692,10,11,0,8.236635840042084e-08
900,936.7026124345728,936.8210568674108,0.019985500067676073,6.3197305443273075,0.00041371489830896403,13692,10,11,0,8.236635840042084e-08
100,103.61885036329578,103.72472565689712,0.017632340726792806,19.024290323023113,0.000334619594026479,13692,10,12,0,8.236635840042084e-08
200,226.33806968102934,226.51636321267108,0.01906350035257035,14.612546844856206,0.0003554905625199627,13692,10,12,0,8.236635840042084e-08
300,287.4469076182357,287.6167937650283,0.01916809952900488,12.633202278856292,0.0003226715753871857,13692,10,12,0,8.236635840042084e-08
400,426.2023836098198,426.33693571977483,0.019259622895299533,9.651309318700534,0.0003070916810609322,13692,10,12,0,8.236635840042084e-08
500,471.3843657002538,471.4744504391842,0.01817471097971931,7.656050041559802,0.0003022280786601865,13692,10,12,0,8.236635840042084e-08
600,621.0778912412525,621.1599311368874,0.01754614359128415,6.579366071487293,0.0004055572244198148,13692,10,12,0,8.236635840042084e-08
700,692.5216252294503,692.6094563079947,0.019741673105084585,5.699115556809742,0.00041891206955914904,13692,10,12,0,8.236635840042084e-08
800,858.2162542566376,858.2822246789189,0.017592004989029863,4.806281821943243,0.0004018625154389356,13692,10,12,0,8.236635840042084e-08
900,1050.7277044723548,1050.799160547861,0.016651414312184466,4.903264346303335,0.00039278722805373737,13692,10,12,0,8.236635840042084e-08
100,117.29399722677958,117.55191059202248,0.020484299389704464,18.30597131421487,0.00038713462874676214,13692,10,13,0,8.236635840042084e-08
200,208.9449426624106,209.16462010663153,0.020411815823095696,14.261803272924213,0.0003158775305978658,13692,10,13,0,8.236635840042084e-08
300,319.72428886336655,319.97163366609055,0.02110041069752385,13.66981989546387,0.0004604963608816096,13692,10,13,0,8.236635840042084e-08
400,423.6934725888049,423.82689559878975,0.018525628676711644,9.642445641448635,0.00041844671967844525,13692,10,13,0,8.236635840042084e-08
500,604.5225889463653,604.6927746163644,0.020502106923504057,8.787219646574107,0.0004295425136610937,13692,10,13,0,8.236635840042084e-08
600,625.6702421995686,625.7913697511592,0.01811348486318648,7.918777369521167,0.00039398486835453997,13692,10,13,0,8.236635840042084e-08
700,744.9617366364649,745.1163639393798,0.02155596536806122,7.589694710327183,0.0004169623704063455,13692,10,13,0,8.236635840042084e-08
800,783.4288235265046,783.495894053144,0.01749614200112009,5.337739789969194,0.00039841372696035256,13692,10,13,0,8.236635840042084e-08
900,936.2080377603045,936.3093238710203,0.019037589816175503,5.7045515627694225,0.00041659183449768835,13692,10,13,0,8.236635840042084e-08
100,115.47427385067003,115.68168674963495,0.019810823770959073,17.294894446995944,0.0003173447752575571,13692,10,14,0,8.236635840042084e-08
200,237.37716987732924,237.59586009838398,0.01975165727476678,15.535730183608992,0.0003340421339951812,13692,10,14,0,8.236635840042084e-08
300,369.1019969780903,369.25309335700086,0.018447256788091948,11.859914285203388,0.0004362527172905328,13692,10,14,0,8.236635840042084e-08
400,402.22731486544654,402.3683885756713,0.019466624292752307,9.456736533185072,0.0004353907134173661,13692,10,14,0,8.236635840042084e-08
500,493.07121465884757,493.20488292516933,0.019467051597089436,8.326453297290346,0.00042312774042098226,13692,10,14,0,8.236635840042084e-08
600,694.2556273021919,694.3896105844905,0.0197751597450627,7.6418161816595065,0.0004137230290808543,13692,10,14,0,8.236635840042084e-08
700,746.5093052931741,746.6291484753323,0.020860187801083573,6.204692825366815,0.00042108435362912745,13692,10,14,0,8.236635840042084e-08
800,783.714429309917,783.8177128164635,0.01884176531811033,6.343225050768756,0.00040155278942976245,13692,10,14,0,8.236635840042084e-08
900,940.9654391214325,941.0501209386754,0.01790655800033517,5.108414087574933,0.00040888823173188514,13692,10,14,0,8.236635840042084e-08
100,96.26806081144903,96.454756118929,0.018852317314442514,19.09425102348449,0.00043282104931312613,13692,10,15,0,8.236635840042084e-08
200,202.33584559369405,202.55026877921048,0.01906956933281715,17.55525714774737,0.0003447084346767,13692,10,15,0,8.236635840042084e-08
300,293.6958476216397,293.87705618090683,0.01994729947355053,11.627460859938278,0.00034404629844883897,13692,10,15,0,8.236635840042084e-08
400,454.6358660223579,454.7785512963575,0.019837928205652014,8.998970029146298,0.00042374964688030595,13692,10,15,0,8.236635840042084e-08
500,551.3784100094057,551.4853452932707,0.01782871973097567,8.242895143706443,0.000403465136534968,13692,10,15,0,8.236635840042084e-08
600,632.937344793293,633.0647712727584,0.019810263996988015,7.340285910207618,0.0004143719651549911,13692,10,15,0,8.236635840042084e-08
700,782.3707275927546,782.4467510458891,0.017264926686209523,5.624104168465,0.00039152830827186906,13692,10,15,0,8.236635840042084e-08
800,940.5592008931466,940.6291253428293,0.01756294726508374,4.908881774479812,0.0003919036056219515,13692,10,15,0,8.236635840042084e-08
900,1037.3766534479973,1037.4627442899143,0.017969479459949502,5.1715134977061075,0.0004053786884798759,13692,10,15,0,8.236635840042084e-08
100,106.59455768963286,106.6929813909052,0.01758377025112568,17.603366173702952,0.00034070248811854273,13692,10,16,0,8.236635840042084e-08
200,189.2223039923802,189.32765990137648,0.018270799541346628,12.24119678180826,0.0003071114550360492,13692,10,16,0,8.236635840042084e-08
300,302.81534563129645,303.0069970537424,0.020462474289627615,11.892799758817478,0.00030724657089136636,13692,10,16,0,8.236635840042084e-08
400,454.1820830163477,454.24265211764686,0.01658368726024171,7.5343370612571965,0.00030293798819518923,13692,10,16,0,8.236635840042084e-08
500,608.1920632558925,608.2705017637267,0.01739267469865238,6.855680356338357,0.00041506467178791103,13692,10,16,0,8.236635840042084e-08
600,759.6924437707376,759.7726028589271,0.018289324999212892,5.607116938325879,0.00040622691494694247,13692,10,16,0,8.236635840042084e-08
700,764.5174026112658,764.6056451478953,0.01902222610902802,5.354826157264326,0.0004134492612108676,13692,10,16,0,8.236635840042084e-08
800,885.1727707631633,885.2672182296462,0.02058638648251886,5.142941676653492,0.000422177508208226,13692,10,16,0,8.236635840042084e-08
900,937.8097648820716,937.8904622713021,0.018233547671558048,4.7887853956787545,0.00041937321118132813,13692,10,16,0,8.236635840042084e-08
100,109.75889496254673,110.03050727676947,0.02129298080395589,17.24118283466478,0.00034554666025787747,13692,10,17,0,8.236635840042084e-08
200,175.69120719917856,176.03520037052354,0.022571194033180735,17.327561964885838,0.0003598958386011795,13692,10,17,0,8.236635840042084e-08
300,293.91089510792983,294.2079105301809,0.022037851928861422,14.690376051376397,0.00046686834275675283,13692,10,17,0,8.236635840042084e-08
400,445.06602130895504,445.3030996275606,0.0215107767890927,11.64791744794986,0.0004343704275990015,13692,10,17,0,8.236635840042084e-08
500,481.1862696150518,481.3677806264586,0.022029129622597305,9.083142082700205,0.0004268323539939837,13692,10,17,0,8.236635840042084e-08
600,595.8653025719422,595.9815185125253,0.019081830237965555,7.53113778611094,0.00042318922066708,13692,10,17,0,8.236635840042084e-08
700,777.143359805247,777.2525019969057,0.019803174530986095,6.3662109196687595,0.00041334773616588877,13692,10,17,0,8.236635840042084e-08
800,748.4481351162171,748.5737386545848,0.02035311558482421,6.568188930494616,0.0004261517548353649,13692,10,17,0,8.236635840042084e-08
900,1090.3859340028955,1090.4796084372704,0.019898454441755566,5.0573284046106775,0.00041670641881059154,13692,10,17,0,8.236635840042084e-08
100,107.04041252720167,107.10597358436607,0.018087510266585293,11.393457290353846,0.0002937194991312039,13692,10,18,0,8.236635840042084e-08
200,215.43878389026298,215.5796050860454,0.019290160496996247,11.84294011303956,0.00031643938212197996,13692,10,18,0,8.236635840042084e-08
300,298.9608453581364,299.0985828926544,0.01883017260243671,11.33792846736513,0.0003123188081737517,13692,10,18,0,8.236635840042084e-08
400,409.07842908277007,409.2176726244408,0.019742184919329338,9.071040337740449,0.00041824360650005363,13692,10,18,0,8.236635840042084e-08
500,564.2585037649759,564.3367364409335,0.017230277089646057,6.561793214150347,0.0004008881066052637,13692,10,18,0,8.236635840042084e-08
600,594.3916906766894,594.4757634977223,0.017043929060292097,6.976971278185035,0.00039268938935683317,13692,10,18,0,8.236635840042084e-08
700,714.3615282113997,714.4391220729634,0.017816018968515805,5.894182717943893,0.000401888780422807,13692,10,18,0,8.236635840042084e-08
800,733.7156420296565,733.8130250066089,0.019623427573796585,5.801765530774291,0.00041984033247709804,13692,10,18,0,8.236635840042084e-08
900,907.688658427574,907.7459030577851,0.01638965499825108,4.7541890659883785,0.0003875083081267016,13692,10,18,0,8.236635840042084e-08
100,95.48032394001332,95.83550420903967,0.02240357164159987,19.31345871936864,0.00037128330395673985,13692,10,19,0,8.236635840042084e-08
200,240.1417796356355,240.38641111954493,0.02108824994735891,14.095318574527266,0.00035830765582477316,13692,10,19,0,8.236635840042084e-08
300,348.29511453100537,348.5113348935551,0.022356706683206846,10.654170917949914,0.00045137121280732433,13692,10,19,0,8.236635840042084e-08
400,440.62244722401823,440.8270777867551,0.021185516783442503,10.996736548788935,0.00044459896872553587,13692,10,19,0,8.236635840042084e-08
500,500.3169031576277,500.49428788605,0.021718549005794237,8.776088443846929,0.0004263089358969226,13692,10,19,0,8.236635840042084e-08
600,671.968036886483,672.0990005385474,0.018869297092995684,7.399057354785102,0.0004146485111182405,13692,10,19,0,8.236635840042084e-08
700,774.2165247543655,774.334943156447,0.018832178985909026,6.717240318107266,0.00041513195466415877,13692,10,19,0,8.236635840042084e-08
800,886.8485579174068,886.9564000693197,0.021992007507234825,5.234306446598915,0.00042850251244319734,13692,10,19,0,8.236635840042084e-08
900,874.3573653325315,874.4914967577474,0.02112674085391982,6.740452017946873,0.0004237550903395122,13692,10,19,0,8.236635840042084e-08
100,110.99316339369048,111.16143010112178,0.02047487066412995,8.71631978033133,0.0011525453095947843,2739,50,1,0,5.33901204802234e-07
200,186.1073993021796,186.1924823675397,0.01766835854649433,5.207080753844507,0.0009993280488082743,2739,50,1,0,5.33901204802234e-07
300,297.1517211410167,297.23413404640064,0.02163245162293695,4.119341865844555,0.0009601931718208349,2739,50,1,0,5.33901204802234e-07
400,489.62545713602736,489.66498370145274,0.021634047191448864,2.161149252332207,0.0010432074633199705,2739,50,1,0,5.33901204802234e-07
500,560.5892691789423,560.6278561847001,0.020652551563739095,2.203892704001596,0.0013229804919481698,2739,50,1,0,5.33901204802234e-07
600,555.3869235196165,555.4136048370993,0.01942918291162376,1.7596198746009613,0.0012811515633760887,2739,50,1,0,5.33901204802234e-07
700,981.3728483796294,981.3838115966628,0.016568873973237364,1.2230933585558053,0.0013327214143490874,2739,50,1,0,5.33901204802234e-07
800,721.5834936964555,721.6142508101119,0.026542298720033643,1.565398031824832,0.0014037094155883163,2739,50,1,0,5.33901204802234e-07
900,914.7793719319809,914.7967349053923,0.021856330250058453,1.301222592281017,0.0014218794477476723,2739,50,1,0,5.33901204802234e-07
100,109.1594334487052,109.33067040509205,0.0196031115215475,9.288019855583649,0.001287667413182499,2739,50,2,0,5.33901204802234e-07
200,194.99379340448584,195.1402644587632,0.023448559056849692,6.610069924743748,0.00106350823510777,2739,50,2,0,5.33901204802234e-07
300,348.5680544327774,348.61232394811026,0.017995762523635724,2.790719158787682,0.0009186618856752324,2739,50,2,0,5.33901204802234e-07
400,508.0390964236579,508.0792413650137,0.018789404379925843,2.468618122260572,0.0009145939307563495,2739,50,2,0,5.33901204802234e-07
500,487.38190455934125,487.42489250651454,0.02153458352942632,2.3202971815064344,0.000980430061181646,2739,50,2,0,5.33901204802234e-07
600,612.2212201486736,612.241572446399,0.015231792230525572,1.766815815675222,0.0010703275324327798,2739,50,2,0,5.33901204802234e-07
700,803.8008990188367,803.8145958531779,0.018996545704687392,1.2567189317372884,0.0010574230873996837,2739,50,2,0,5.33901204802234e-07
800,800.1303741275105,800.135212844056,0.00953080945240371,1.1496591332339874,0.00032518968933207973,2739,50,2,0,5.33901204802234e-07
900,738.7713428777045,738.7880098821801,0.01999025354927099,1.3305699021687618,0.0010397640169230316,2739,50,2,0,5.33901204802234e-07
100,84.43227573427708,84.55120113037175,0.01640013062080449,9.810766257795732,0.0012009686938868594,2739,50,3,0,5.33901204802234e-07
200,176.17560890160865,176.23412135440685,0.013812672373325884,4.674764972260955,0.00023733653321871014,2739,50,3,0,5.33901204802234e-07
300,238.15588342276013,238.1744024225047,0.0085824766446028,2.639050448737297,0.0002874186036870133,2739,50,3,0,5.33901204802234e-07
400,431.37353075892327,431.39467800606684,0.011767062461543397,2.2039554938499823,0.00028969609361420383,2739,50,3,0,5.33901204802234e-07
500,389.89315246857694,389.90393753663596,0.009182087776384714,1.6545148020084448,0.00029876766799043285,2739,50,3,0,5.33901204802234e-07
600,542.4081627515624,542.4125520505105,0.00877852103019007,1.1482217756529307,0.00026518484367093976,2739,50,3,0,5.33901204802234e-07
700,648.5095113812814,648.524902959329,0.01524743732581509,1.4721765804154676,0.0009823280470453335,2739,50,3,0,5.33901204802234e-07
800,748.9061612143009,748.9110458007652,0.008976027823355203,1.1726198623383621,0.0003234639322309371,2739,50,3,0,5.33901204802234e-07
900,833.3929825829267,833.3951135110997,0.0071663964694432996,1.058025346049485,0.000283202423136297,2739,50,3,0,5.33901204802234e-07
100,164.80111433215222,164.9481911213441,0.02090729792572625,7.468795543998152,0.0010935181632307268,2739,50,4,0,5.33901204802234e-07
200,257.1180517280591,257.20364775786396,0.022072766263471516,4.185626792417022,0.0010241350613003851,2739,50,4,0,5.33901204802234e-07
300,280.44073943726903,280.50778800423245,0.021807842158239315,3.376135856254202,0.0011251726006669127,2739,50,4,0,5.33901204802234e-07
400,481.5056630829902,481.5354538883329,0.01746725172567994,2.067352434458648,0.0009559299887699507,2739,50,4,0,5.33901204802234e-07
500,592.0934329588082,592.1270179433593,0.022591042841872917,1.8493902337520667,0.0010408558371109437,2739,50,4,0,5.33901204802234e-07
600,652.2682347375094,652.2918528866111,0.020853096901113435,1.554219113994225,0.0011284026911998135,2739,50,4,0,5.33901204802234e-07
700,889.4125291609402,889.4271804029717,0.019139257486190674,1.2854859111058974,0.0009929548649005929,2739,50,4,0,5.33901204802234e-07
800,849.8110418983113,849.827822136427,0.01977592956075342,1.3412031898871306,0.0010296451969258969,2739,50,4,0,5.33901204802234e-07
900,882.8840573629476,882.900689714786,0.02381518016249469,1.2375484025377645,0.001172227991099777,2739,50,4,0,5.33901204802234e-07
100,116.09675851541647,116.20913084114731,0.018793376558473022,7.297395154203979,0.0011280231285236253,2739,50,5,0,5.33901204802234e-07
200,201.66554677281877,201.73253671283703,0.015836620729905285,4.627105003849577,0.0008568970704224164,2739,50,5,0,5.33901204802234e-07
300,364.41565422827694,364.45541082177095,0.017187321256250877,2.6524182060009704,0.0009350217142664569,2739,50,5,0,5.33901204802234e-07
400,403.5259110046037,403.57110553047227,0.03091822343279023,1.0,1.0,2739,50,5,0,5.33901204802234e-07
500,492.6910656249309,492.72628061761486,0.021951639147963928,1.956065929631048,0.0011530746595822883,2739,50,5,0,5.33901204802234e-07
600,741.5782731364668,741.5920133931934,0.01810364964518674,1.2827402337334164,0.0012857940478472518,2739,50,5,0,5.33901204802234e-07
700,794.1128951591214,794.122011882887,0.013709143252152426,1.2306983494147379,0.0009066419186094629,2739,50,5,0,5.33901204802234e-07
800,845.1229686956722,845.1315786561128,0.014123323196463677,1.1960298283570279,0.0009433502227366642,2739,50,5,0,5.33901204802234e-07
900,1166.3224825523764,1166.3373199716123,0.022516528231933793,1.2147381797243149,0.0011092803716338054,2739,50,5,0,5.33901204802234e-07
100,109.79679409861389,109.94525515027223,0.022197464365690506,7.593321358004589,0.001118438501698101,2739,50,6,0,5.33901204802234e-07
200,226.89681876391134,226.98223647211563,0.01837273204181775,5.021654641417132,0.0009600961925341404,2739,50,6,0,5.33901204802234e-07
300,340.30649559970425,340.34546184119915,0.016119248098901497,2.7649313298469855,0.0008824892776077853,2739,50,6,0,5.33901204802234e-07
400,405.7335634305517,405.77119902358936,0.0192980102138637,2.2874138761726597,0.0009937551199154034,2739,50,6,0,5.33901204802234e-07
500,518.9806837807946,519.0256580934904,0.022045125523078586,2.3598219569182635,0.0009909458025005985,2739,50,6,0,5.33901204802234e-07
600,711.1726027025911,711.1991473134842,0.020409842910783738,1.694281390153364,0.000987594945215242,2739,50,6,0,5.33901204802234e-07
700,694.72576279057,694.7376526907557,0.014677873181957766,1.3315602120673162,0.0009684906047334943,2739,50,6,0,5.33901204802234e-07
800,1005.7572941057953,1005.7850344249572,0.039668772244362646,1.2307046171811562,0.0004785457507709709,2739,50,6,0,5.33901204802234e-07
900,936.9691454446933,936.9801492022837,0.01863407785083515,1.178745025391412,0.0010523920333913835,2739,50,6,0,5.33901204802234e-07
100,124.76384836202956,125.01986720712927,0.02350408571351516,11.47301645785505,0.001480378748361801,2739,50,7,0,5.33901204802234e-07
200,200.62822314580706,200.74520986285225,0.02223775910799664,5.605287429062355,0.0010514280505232597,2739,50,7,0,5.33901204802234e-07
300,290.97093610045823,291.0350651179216,0.02005304899485137,3.5129541640201394,0.0010198987552764616,2739,50,7,0,5.33901204802234e-07
400,480.6639573159677,480.69700581455936,0.018935858964169806,2.0967537135117404,0.0010385280227988222,2739,50,7,0,5.33901204802234e-07
500,549.1697485919184,549.2129634903064,0.0239994207777195,2.1288610763228535,0.0011038477489325527,2739,50,7,0,5.33901204802234e-07
600,918.4981447199817,918.5077150178666,0.017367851671542502,1.0,1.0,2739,50,7,0,5.33901204802234e-07
700,1006.8542009201186,1006.867165743985,0.02067155998718504,1.0,1.0,2739,50,7,0,5.33901204802234e-07
800,1080.9504952497534,1080.9613443467988,0.016470909423666597,1.2214236088164299,0.0012495875641914617,2739,50,7,0,5.33901204802234e-07
900,833.6942567175513,833.7095650429989,0.01628295930658497,1.4154073019928524,0.001118587518897077,2739,50,7,0,5.33901204802234e-07
100,121.86551260059942,121.96181291774694,0.016061401028842424,7.443786168583692,0.0010998476527185092,2739,50,8,0,5.33901204802234e-07
200,233.99953637669503,234.04241780521232,0.014558824087565616,3.316885037703537,0.00023688979273306284,2739,50,8,0,5.33901204802234e-07
300,346.1522596895071,346.1754904645415,0.013217889048738303,2.1482868281942302,0.000252281403440196,2739,50,8,0,5.33901204802234e-07
400,342.1181416269277,342.15698513429015,0.01791973927454319,2.5046057947285534,0.0009587334835152578,2739,50,8,0,5.33901204802234e-07
500,513.7517378081122,513.7855293470748,0.023116367161249794,1.8261332442952078,0.0013107594077487303,2739,50,8,0,5.33901204802234e-07
600,691.1968517921046,691.2130028763895,0.016985030895289587,1.4216049448971415,0.001244818094021722,2739,50,8,0,5.33901204802234e-07
700,1266.2310796083252,1266.2414313761903,0.021112617635123503,1.1246865989125852,0.0013402254481169537,2739,50,8,0,5.33901204802234e-07
800,747.4986927066924,747.5183621270194,0.01984254240313883,1.4456470246352,0.0010512728690622814,2739,50,8,0,5.33901204802234e-07
900,995.0504222819363,995.0546115251018,0.013656626238170258,1.0533542093652866,0.0002665030381337491,2739,50,8,0,5.33901204802234e-07
100,84.17999505328717,84.3011522202885,0.018270702486325396,8.903468513464858,0.0011391899164540356,2739,50,9,0,5.33901204802234e-07
200,234.66724964624123,234.7702739752755,0.019384290031692973,5.697389332769624,0.0009363761984437021,2739,50,9,0,5.33901204802234e-07
300,323.3556466147141,323.39432818198685,0.014694084163393479,2.997216772011586,0.000868445527698614,2739,50,9,0,5.33901204802234e-07
400,465.7880699371242,465.8164257216123,0.016775327495264617,2.057165381236628,0.0009498649858089574,2739,50,9,0,5.33901204802234e-07
500,463.78506493065606,463.8371306460279,0.021317504116685565,2.7513487226301705,0.0009933242447200345,2739,50,9,0,5.33901204802234e-07
600,736.0072564917418,736.0200773755663,0.017375577429759235,1.270049330671795,0.0013139781856383627,2739,50,9,0,5.33901204802234e-07
700,722.6802198106952,722.6996218660112,0.02281587724233846,1.3382905656895259,0.0013845616233600017,2739,50,9,0,5.33901204802234e-07
800,1051.3921198410394,1051.3983031147068,0.014378068334128167,1.1016521368423295,0.0013290526695437864,2739,50,9,0,5.33901204802234e-07
900,944.2970773914175,944.3024551833287,0.011818080580039726,1.1167791538660128,0.0013592980899610322,2739,50,9,0,5.33901204802234e-07
100,96.3488943284199,96.50700032648506,0.019223989594603565,8.754760222067645,0.0011841207318659122,2739,50,10,0,5.33901204802234e-07
200,201.25193386971188,201.36709642986818,0.022770618299003186,5.389255496579936,0.00102247475007668,2739,50,10,0,5.33901204802234e-07
300,300.71766838459814,300.74560212178505,0.01282849314845604,2.5649160292088182,0.0007682799198022902,2739,50,10,0,5.33901204802234e-07
400,407.82210486112933,407.8640891086647,0.018648749381348438,2.581016549082756,0.0009461162751969281,2739,50,10,0,5.33901204802234e-07
500,488.1965272341039,488.21846882915605,0.01651550400551579,1.7321365289270076,0.0009135357295941327,2739,50,10,0,5.33901204802234e-07
600,749.9408768199936,749.9497542975304,0.013080177611448128,1.2409845356860787,0.0002862396941523986,2739,50,10,0,5.33901204802234e-07
700,689.1961445072958,689.2160833522356,0.020763862991542356,1.420573152466467,0.0011064641607680954,2739,50,10,0,5.33901204802234e-07
800,1136.207710919718,1136.217986148793,0.021136073099886396,1.1226932679238997,0.001403948065804403,2739,50,10,0,5.33901204802234e-07
900,913.7873519766216,913.798537912443,0.01863695338916765,1.1841744247261197,0.0013009436311165517,2739,50,10,0,5.33901204802234e-07
100,99.69186779024938,99.75417457235676,0.013735386568098116,4.993627838420379,0.00019497447574841394,2739,50,11,0,5.33901204802234e-07
200,198.1494632068636,198.1994803355967,0.01646783947620896,4.370070807550697,0.0009317232397074479,2739,50,11,0,5.33901204802234e-07
300,431.19831036617256,431.28069883733025,0.027959207092832134,3.216684777959987,0.0011168992289749017,2739,50,11,0,5.33901204802234e-07
400,416.2185737169254,416.2542601186626,0.021282296491907694,2.0241069963486678,0.0010279373045062642,2739,50,11,0,5.33901204802234e-07
500,512.934353114658,512.9557752575316,0.019552989874105062,1.5275809816363384,0.0010301941874609857,2739,50,11,0,5.33901204802234e-07
600,575.4705334926588,575.4855661934971,0.015793225041562726,1.4257699264551842,0.0009669749125624751,2739,50,11,0,5.33901204802234e-07
700,997.3234635218246,997.3299585517553,0.017258235775355433,1.0768542898005615,0.0010489296788875893,2739,50,11,0,5.33901204802234e-07
800,806.7441292027053,806.7657100807123,0.021361444134607933,1.457271930344784,0.0010997106214054803,2739,50,11,0,5.33901204802234e-07
900,1037.6403933623399,1037.6470856479882,0.0211311442376179,1.0538175421740839,0.001188274642951049,2739,50,11,0,5.33901204802234e-07
100,105.12922510228394,105.29102263451443,0.01870181135747813,9.222036827753897,0.0012532382996595995,2739,50,12,0,5.33901204802234e-07
200,153.1911023782194,153.2851222962088,0.01638292268752915,6.332567823744501,0.0009389548785976859,2739,50,12,0,5.33901204802234e-07
300,322.38200476114855,322.4273984176635,0.016619704969520414,3.074298530532607,0.0008828278555440923,2739,50,12,0,5.33901204802234e-07
400,479.0932872818552,479.1431198822646,0.023071099517639,2.4699400825272573,0.0011139438545824133,2739,50,12,0,5.33901204802234e-07
500,534.6248354247579,534.6791714092549,0.032614135474709975,1.9887060421834428,0.0010765514971304289,2739,50,12,0,5.33901204802234e-07
600,503.34481567904226,503.40691981965534,0.026964992222738345,2.5931322422765795,0.0011294815243482641,2739,50,12,0,5.33901204802234e-07
700,885.7917125107197,885.8068251349929,0.02185655546423105,1.2349715218280046,0.0011761032757786896,2739,50,12,0,5.33901204802234e-07
800,1026.520552040668,1026.5374223188699,0.02520692166182414,1.2189199992187618,0.0011880230281703002,2739,50,12,0,5.33901204802234e-07
900,945.1334102103148,945.1454633042968,0.020542720423456735,1.1749090618653406,0.0013700741485314608,2739,50,12,0,5.33901204802234e-07
100,117.91395587978786,118.04058332819749,0.01688653697778068,8.05007124212335,0.00111501483519087,2739,50,13,0,5.33901204802234e-07
200,281.525923186298,281.55214521969486,0.012644441559202826,2.9959414473636112,0.000825353424805325,2739,50,13,0,5.33901204802234e-07
300,427.9498421706005,428.07653881818374,0.036983273627197104,3.6616473598168904,0.0010567880938968269,2739,50,13,0,5.33901204802234e-07
400,636.3022305775323,636.359020050661,0.02989969278650964,2.205213734554375,0.0013316280264746472,2739,50,13,0,5.33901204802234e-07
500,589.9347934215074,590.0649216389132,0.04829638478486688,2.927501170672296,0.0003413887774911991,2739,50,13,0,5.33901204802234e-07
600,528.1332398719396,528.1654577484899,0.017480641120865923,2.196098023815429,0.0011122304053950147,2739,50,13,0,5.33901204802234e-07
700,994.5113748565717,994.5289625346413,0.020148788725486814,1.3578545935714268,0.001357098659935866,2739,50,13,0,5.33901204802234e-07
800,954.8500183829751,954.8600192301793,0.015410235548581128,1.2172429324979368,0.0012708952515283762,2739,50,13,0,5.33901204802234e-07
900,869.6204200893909,869.6334715614657,0.014666882612980527,1.3827797377673643,0.0010836661237589105,2739,50,13,0,5.33901204802234e-07
100,98.74783885817362,99.06956576579363,0.025080598616395878,13.497757799530582,0.0019459249224978658,2739,50,14,0,5.33901204802234e-07
200,202.43825474217857,202.48059210822007,0.0174967737708834,3.261033506848854,0.0009578811870800709,2739,50,14,0,5.33901204802234e-07
300,343.17092810041237,343.34838470991514,0.03589694542454805,5.1853390513546564,0.0010295473474031943,2739,50,14,0,5.33901204802234e-07
400,430.6980178126838,430.76507079621075,0.02357640731168209,3.135052155012411,0.0013179986232307592,2739,50,14,0,5.33901204802234e-07
500,579.2793131404595,579.2932853500362,0.0151551213703571,1.4051317879086542,0.001267829927655966,2739,50,14,0,5.33901204802234e-07
600,609.352598553846,609.3684017170153,0.015746915709637287,1.4657703190815365,0.0012475230774632953,2739,50,14,0,5.33901204802234e-07
700,805.1814902133751,805.2100234698008,0.02162475689402902,1.7072135262629653,0.001450397945725268,2739,50,14,0,5.33901204802234e-07
800,940.5004359837794,940.5132750188532,0.020832653802711213,1.191281353298709,0.0011058336875397255,2739,50,14,0,5.33901204802234e-07
900,1338.0664049042903,1338.0728635713497,0.015572820588405804,1.0938337333162933,0.0013019961197995524,2739,50,14,0,5.33901204802234e-07
100,102.17593195081535,102.29452547371132,0.01855126470557129,8.546602752170783,0.0010518885332888232,2739,50,15,0,5.33901204802234e-07
200,247.09204325557837,247.12705081407742,0.01439058720156327,2.9643160336641,0.0008706746533834309,2739,50,15,0,5.33901204802234e-07
300,408.34003784579164,408.37337915305204,0.01698358804571987,2.313653493532598,0.0009029971569429075,2739,50,15,0,5.33901204802234e-07
400,484.40172978624673,484.4221643007452,0.015848009038889836,1.7013224700022118,0.0009682154479950682,2739,50,15,0,5.33901204802234e-07
500,572.579759605542,572.6142201493755,0.03213800241513505,1.0,1.0,2739,50,15,0,5.33901204802234e-07
600,638.5955547511628,638.6297611566778,0.023050493122592143,1.845724236202946,0.0012880164777565781,2739,50,15,0,5.33901204802234e-07
700,805.9286417647478,805.9435251691613,0.016729119103815842,1.3767517526246127,0.0011398819521763295,2739,50,15,0,5.33901204802234e-07
800,734.4283549671675,734.43712847826,0.012395950030037357,1.2620248677675474,0.00031327237509540007,2739,50,15,0,5.33901204802234e-07
900,804.7763002325925,804.7897989564469,0.017562883184707757,1.2900781451856564,0.0009894105117376681,2739,50,15,0,5.33901204802234e-07
100,92.83553120748694,93.01988485661724,0.02155153301010614,9.060610819627943,0.0010858149550538757,2739,50,16,0,5.33901204802234e-07
200,200.20483742802645,200.31463135317867,0.02294627181352191,5.1061573881255535,0.0010456128581377516,2739,50,16,0,5.33901204802234e-07
300,273.94925176418707,274.0248001357186,0.022162756255934824,3.7091477225370144,0.0010395512553875233,2739,50,16,0,5.33901204802234e-07
400,463.24648491519577,463.2846164017607,0.021532831063720368,2.1095921662606325,0.0011226751909910711,2739,50,16,0,5.33901204802234e-07
500,665.5145391966664,665.5468154203135,0.02283383004597801,1.7848783371067647,0.0010883403040430324,2739,50,16,0,5.33901204802234e-07
600,732.6649385327757,732.690201359862,0.02476994526756171,1.4593926527568697,0.0011430396811800885,2739,50,16,0,5.33901204802234e-07
700,991.6154727640426,991.634619969358,0.024368242195015537,1.292848236150552,0.0011712970074894767,2739,50,16,0,5.33901204802234e-07
800,1000.4126667893557,1000.4332945215286,0.024779110173983248,1.3238709054982798,0.0011548015887701242,2739,50,16,0,5.33901204802234e-07
900,1008.599742638873,1008.617101548007,0.026828954123040316,1.2048959221447548,0.0012446762394996392,2739,50,16,0,5.33901204802234e-07
100,102.19179365487808,102.55669871388223,0.025154555193874727,15.211464039052524,0.0014291193462696793,2739,50,17,0,5.33901204802234e-07
200,194.7530173235403,194.88491135292335,0.02292741187646498,6.1063323309760955,0.0011133009734636905,2739,50,17,0,5.33901204802234e-07
300,282.73229529801654,282.7982346017564,0.021566847814563164,3.3597079832973225,0.0009798278566202946,2739,50,17,0,5.33901204802234e-07
400,418.47459645829053,418.5292156595126,0.02647339920092153,2.3663815710599874,0.0010853495047333872,2739,50,17,0,5.33901204802234e-07
500,546.3478850317543,546.3885347194278,0.021164391385560963,2.250768720186895,0.0013140044266395992,2739,50,17,0,5.33901204802234e-07
600,595.6785697815585,595.6979079251867,0.016586741627075813,1.5935991836861554,0.0009755150551112824,2739,50,17,0,5.33901204802234e-07
700,647.0375750527168,647.0533890548935,0.016857536545083915,1.412304339074055,0.0012229693953399543,2739,50,17,0,5.33901204802234e-07
800,1075.0273532934723,1075.0440829934344,0.03304872166453866,1.0,1.0,2739,50,17,0,5.33901204802234e-07
900,870.0062208970808,870.0193062069756,0.01581003303773433,1.3344308730036643,0.0012245488854263533,2739,50,17,0,5.33901204802234e-07
100,111.13285111246223,111.23795522146712,0.01865186909594784,7.144544375751679,0.0010538814039327666,2739,50,18,0,5.33901204802234e-07
200,215.60885455333562,215.67678380546062,0.016628306887280002,4.462219380085113,0.0008800176198485633,2739,50,18,0,5.33901204802234e-07
300,282.9534156721853,283.0193289976152,0.018101835270116703,3.983549243114677,0.0008962973875267797,2739,50,18,0,5.33901204802234e-07
400,283.75297330152307,283.7946502226748,0.017301320630260245,2.7458854345444044,0.0009492969884324822,2739,50,18,0,5.33901204802234e-07
500,498.2668267467401,498.2851504488727,0.015331696489165943,1.6232882581994228,0.0009120619925883278,2739,50,18,0,5.33901204802234e-07
600,609.6542957166675,609.6691656555455,0.013273158308802432,1.571005467211555,0.00117951807604144,2739,50,18,0,5.33901204802234e-07
700,724.7767283744133,724.7874366002412,0.014936557191341716,1.261127122525465,0.0009352856999537106,2739,50,18,0,5.33901204802234e-07
800,779.275017021208,779.2815719614684,0.011217104438240815,1.1881076762630414,0.00033328591642052205,2739,50,18,0,5.33901204802234e-07
900,915.8013793741488,915.809646239918,0.015148329794288456,1.1810736381016695,0.0011934973449931315,2739,50,18,0,5.33901204802234e-07
100,100.09213785362799,100.36090195227767,0.025326670824720898,11.127150806090501,0.001304108470525966,2739,50,19,0,5.33901204802234e-07
200,185.9653093975926,186.10528354580254,0.024009140873974832,6.172863084266005,0.001067140506557166,2739,50,19,0,5.33901204802234e-07
300,300.40533255478204,300.4299588718045,0.012082182145190837,2.4367617747286308,0.0002477688480239037,2739,50,19,0,5.33901204802234e-07
400,508.36992832347454,508.3883194001943,0.013806174464616428,1.7500488085939294,0.0007891237854474889,2739,50,19,0,5.33901204802234e-07
500,524.5482688238557,524.5611441013954,0.012277348073485324,1.5177092757994801,0.0002957890692834898,2739,50,19,0,5.33901204802234e-07
600,649.4473050802842,649.4757974597027,0.021486220920258026,1.7131336815316205,0.0010619190695553922,2739,50,19,0,5.33901204802234e-07
700,873.748857809907,873.7636878690689,0.021383459864994285,1.2366739452861546,0.0013309176000520023,2739,50,19,0,5.33901204802234e-07
800,757.686921490305,757.7052255008709,0.021615084489225774,1.3373549076057556,0.0011000790784642092,2739,50,19,0,5.33901204802234e-07
900,720.0272997267667,720.0493872642755,0.023278886322087595,1.4082389697331437,0.0012005879187803221,2739,50,19,0,5.33901204802234e-07
100,145.06897772512562,145.14160365034974,0.01836415665271577,4.306463140855393,0.0015733782942922397,1370,100,1,0,2.510145408973763e-06
200,148.7642376254021,148.96097470607236,0.03835908673880929,5.366349449257985,0.0014953333393706767,1370,100,1,0,2.510145408973763e-06
300,323.48655183084816,323.5222542507574,0.03359076588186149,1.4834225572702913,0.0015715316386062637,1370,100,1,0,2.510145408973763e-06
400,371.0277387496969,371.0383667265394,0.013656423079943749,1.3058676121506858,0.0015298258348573207,1370,100,1,0,2.510145408973763e-06
500,640.4389656468869,640.4434097527411,0.014027258980040305,1.0565994507144882,0.00169245284720524,1370,100,1,0,2.510145408973763e-06
600,478.51226864047544,478.516636510219,0.0101747945878451,1.107536529209956,0.0005197180123380547,1370,100,1,0,2.510145408973763e-06
700,1014.5006477153319,1014.5017985580669,0.008776138806920401,1.0108917542853797,0.0005552036824300804,1370,100,1,0,2.510145408973763e-06
800,628.1715903079001,628.1719310408694,0.004095115678395686,1.0,1.0,1370,100,1,0,2.510145408973763e-06
900,858.1947607110985,858.1970283628567,0.017372026646223112,1.0095498122812219,0.001624492786743835,1370,100,1,0,2.510145408973763e-06
100,127.52828102628123,127.5677954136479,0.014611243508274698,3.0703636479039735,0.0003449987040251141,1370,100,2,0,2.510145408973763e-06
200,180.89221099914434,180.91158122572386,0.011949426659332343,2.247362649130238,0.001362439590557513,1370,100,2,0,2.510145408973763e-06
300,201.50270050012418,201.5473386046955,0.023844870128528588,2.1959527581924103,0.0017042962783500675,1370,100,2,0,2.510145408973763e-06
400,289.690886650879,289.70695092903594,0.01575248960319849,1.478579962703977,0.0013837128909474751,1370,100,2,0,2.510145408973763e-06
500,341.5534748480788,341.5667146332978,0.017695297106355076,1.276361400528813,0.0014671666998029664,1370,100,2,0,2.510145408973763e-06
600,436.1009722248483,436.1118954162938,0.01652819491659946,1.2226615119251172,0.001824077184919729,1370,100,2,0,2.510145408973763e-06
700,707.7026489427809,707.7058320739161,0.014952334826431926,1.025702927402043,0.0014978490872864594,1370,100,2,0,2.510145408973763e-06
800,924.1222197941595,924.1277720732501,0.023939924803291265,1.0288847970120096,0.0018338238028840358,1370,100,2,0,2.510145408973763e-06
900,1093.4098412805683,1093.4205089148202,0.043046276815803905,1.031682485604165,0.0007584090007611092,1370,100,2,0,2.510145408973763e-06
100,86.32152439492258,86.49450443944326,0.02036243929146096,9.021714532400578,0.001777074458992277,1370,100,3,0,2.510145408973763e-06
200,189.46617683074305,189.48741763022596,0.013966125040086808,1.919251677322216,0.00035404160505771116,1370,100,3,0,2.510145408973763e-06
300,256.5019817477094,256.50875872977736,0.01451092692692272,1.1187457788821031,0.00036710426112741,1370,100,3,0,2.510145408973763e-06
400,329.1177188121041,329.12881976606315,0.011024046814047611,1.4920971650394783,0.0004408102424651812,1370,100,3,0,2.510145408973763e-06
500,516.6206824384676,516.624719366517,0.010959025864596334,1.0790308023872188,0.000467579813497214,1370,100,3,0,2.510145408973763e-06
600,816.0220485019302,816.0225318084418,0.0058744327685351086,1.0,1.0,1370,100,3,0,2.510145408973763e-06
700,758.9493020593558,758.9521821107271,0.01904180294110052,1.012662464677122,0.00206559596420716,1370,100,3,0,2.510145408973763e-06
800,782.7873346637757,782.7901956881184,0.013000918784221873,1.0280242457074165,0.0004318650138287481,1370,100,3,0,2.510145408973763e-06
900,1006.7849905559902,1006.785862936283,0.012963635933407566,1.0026550512119232,0.00041720529011618593,1370,100,3,0,2.510145408973763e-06
100,103.14886760970982,103.35568191138195,0.02580734212756692,8.438306416984954,0.0020215395649641234,1370,100,4,0,2.510145408973763e-06
200,211.33599651906363,211.4114470822802,0.0244229072691883,3.3748179516912744,0.001388847112708093,1370,100,4,0,2.510145408973763e-06
300,236.52361594514213,236.61764535234818,0.0335618069340774,3.0570864899205663,0.001446184101845959,1370,100,4,0,2.510145408973763e-06
400,593.7812216588419,593.7964931354115,0.025389913805270704,1.1799034328981275,0.0017105465675839775,1370,100,4,0,2.510145408973763e-06
500,611.8316140509036,611.8414969903592,0.019857803718295562,1.1290451697008046,0.0019731239253866217,1370,100,4,0,2.510145408973763e-06
600,990.5457769040087,990.5561477600733,0.04778736595470213,1.0242724053921912,0.0005168991171137,1370,100,4,0,2.510145408973763e-06
700,832.0039909344941,832.0146607681727,0.028775483305789017,1.0712640013352734,0.0020382919412921694,1370,100,4,0,2.510145408973763e-06
800,931.5265781400923,931.5325971832599,0.02313941398180564,1.0363077846936346,0.0017866888594149353,1370,100,4,0,2.510145408973763e-06
900,963.0365325821293,963.0540143556478,0.049636975807176034,1.0626358481794211,0.0004978790391258637,1370,100,4,0,2.510145408973763e-06
100,105.69374936266702,105.72850365871135,0.013881413360129205,3.6789108272076856,0.0012908361230583928,1370,100,5,0,2.510145408973763e-06
200,208.87615316876028,208.91854831459685,0.02231526117792249,2.2271470965935807,0.0015450387763246472,1370,100,5,0,2.510145408973763e-06
300,288.1244726196648,288.1378045520142,0.014690214985222338,1.3958961189236074,0.001705546021316886,1370,100,5,0,2.510145408973763e-06
400,582.5781214954864,582.6011277181577,0.028301710629042534,1.3077613201577414,0.002028000101612772,1370,100,5,0,2.510145408973763e-06
500,553.408011286723,553.4179140785012,0.027324241792036904,1.0684150361815197,0.0008827337553722457,1370,100,5,0,2.510145408973763e-06
600,434.43071346718597,434.4532581623518,0.029718483930875655,1.2714027688069118,0.0020008490090264834,1370,100,5,0,2.510145408973763e-06
700,885.2476703581304,885.2517056142899,0.016725254176524575,1.0324025432777988,0.0020332547147611773,1370,100,5,0,2.510145408973763e-06
800,660.4855727854471,660.4992300920035,0.03641231817401226,1.0717906403271953,0.0007520787620139105,1370,100,5,0,2.510145408973763e-06
900,965.0179982035354,965.022376329613,0.019091142539665748,1.028871739984957,0.0015333703463279035,1370,100,5,0,2.510145408973763e-06
100,124.8581759246589,124.92664456936788,0.01974277230039991,3.791372611101255,0.0014308275383177543,1370,100,6,0,2.510145408973763e-06
200,258.73165496864516,258.79957449989075,0.027267908783606146,2.7736192451287898,0.001963599230923713,1370,100,6,0,2.510145408973763e-06
300,424.3654901066323,424.4079454705372,0.047255041128606276,1.357381567220748,0.0004949966239556035,1370,100,6,0,2.510145408973763e-06
400,313.0998058075023,313.1532585124308,0.03218626843250298,1.98489740775868,0.0019707058731837815,1370,100,6,0,2.510145408973763e-06
500,542.9361471382327,542.9416392143781,0.012902561193360803,1.1013440492240767,0.0016812571213247938,1370,100,6,0,2.510145408973763e-06
600,984.7817116930858,984.7921981438611,0.04305823585442212,1.03061399353395,0.0008491724865412032,1370,100,6,0,2.510145408973763e-06
700,1185.516456263552,1185.518070150482,0.009080097327106405,1.0197551192766694,0.001814198183186356,1370,100,6,0,2.510145408973763e-06
800,830.5791117495222,830.5807581588866,0.00971923088754763,1.0176706528805832,0.0005672633858431162,1370,100,6,0,2.510145408973763e-06
900,812.5944242772699,812.6028317479911,0.026683954586824786,1.0522121986327997,0.0008340421906286484,1370,100,6,0,2.510145408973763e-06
100,105.94932381506807,106.27061944062187,0.04068728048333259,8.18326000115435,0.0017687723305829257,1370,100,7,0,2.510145408973763e-06
200,237.9489091711822,237.9725586129209,0.01945509942492108,1.6695787024724817,0.001515409969162194,1370,100,7,0,2.510145408973763e-06
300,341.14159183187377,341.17307912786805,0.023755489137703638,1.707746695260902,0.002020248070327431,1370,100,7,0,2.510145408973763e-06
400,287.99687695938746,288.0297218143992,0.02634927551446017,1.637058616794794,0.0017029753676921953,1370,100,7,0,2.510145408973763e-06
500,1369.3195961976312,1369.3220289709575,0.019856721880956985,1.0082905758727412,0.001826568411625958,1370,100,7,0,2.510145408973763e-06
600,427.4659369710024,427.5027836095048,0.02645036119071446,1.759626166721504,0.0018837136255494542,1370,100,7,0,2.510145408973763e-06
700,1032.648548055719,1032.6552266414758,0.03949005651554305,1.0149418034816724,0.0007564430969538507,1370,100,7,0,2.510145408973763e-06
800,538.937448351702,538.9608129825536,0.030817814632697737,1.2704933037151949,0.0017284575666693647,1370,100,7,0,2.510145408973763e-06
900,911.4088224730224,911.4311288902961,0.050507027300887936,1.0968212460864848,0.0004859510444773275,1370,100,7,0,2.510145408973763e-06
100,103.71290406399442,103.77147681969177,0.021492331610393198,3.031557667617215,0.0015388563969821428,1370,100,8,0,2.510145408973763e-06
200,357.66696510225245,357.72678130535274,0.05211937968205616,1.5392352762182473,0.00040689380366076784,1370,100,8,0,2.510145408973763e-06
300,473.30412721069973,473.3251461260884,0.029269565404443747,1.2461830850643487,0.0020463192026328857,1370,100,8,0,2.510145408973763e-06
400,383.08503561538845,383.10646492945745,0.022844076450708538,1.4010110038039243,0.0016974803931525844,1370,100,8,0,2.510145408973763e-06
500,640.170760190183,640.1731729288412,0.015514749386214808,1.0137256486112434,0.0016490595068480451,1370,100,8,0,2.510145408973763e-06
600,619.14140992381,619.1468696002889,0.014667038028595404,1.07684830980766,0.0017063323527986153,1370,100,8,0,2.510145408973763e-06
700,680.4947167697393,680.5138081883975,0.03824972786875673,1.123689166445246,0.0007291491711636895,1370,100,8,0,2.510145408973763e-06
800,676.7338606841502,676.7385729286551,0.015658584369493835,1.0504108181208356,0.0018608084515308843,1370,100,8,0,2.510145408973763e-06
900,1543.1692735970735,1543.1734619665679,0.03345769745677809,1.0082911940956831,0.0009062739617579739,1370,100,8,0,2.510145408973763e-06
100,103.01570848745315,103.20709441575218,0.028329885355388,7.095828787582649,0.0016957773112387133,1370,100,9,0,2.510145408973763e-06
200,224.91421679842722,224.92686112831066,0.011379124246091455,1.5760908034440086,0.0004190062209304878,1370,100,9,0,2.510145408973763e-06
300,237.5937929358801,237.6510041910057,0.022570675043707338,2.8362119844566025,0.0019619125228497957,1370,100,9,0,2.510145408973763e-06
400,617.5166649458574,617.5227624032789,0.020821268343516317,1.0462519500141845,0.0020756203174993387,1370,100,9,0,2.510145408973763e-06
500,554.1606966514188,554.1684560259883,0.015661165272036936,1.1314343561924716,0.0013859157317500038,1370,100,9,0,2.510145408973763e-06
600,599.7362914104618,599.7459285481833,0.021820513948087022,1.101955112294718,0.0016872907522174042,1370,100,9,0,2.510145408973763e-06
700,910.848279967242,910.8545670531286,0.028125706458194583,1.0265172229037538,0.0021408694430238703,1370,100,9,0,2.510145408973763e-06
800,816.31369625985,816.3223569122478,0.02438909831652048,1.066365397301935,0.00183228440623891,1370,100,9,0,2.510145408973763e-06
900,1122.677055632912,1122.6785416720816,0.01381973025087477,1.0066968470050088,0.0019312965893925793,1370,100,9,0,2.510145408973763e-06
100,112.9552775166693,113.00386734592774,0.013797380669044698,3.926037983504295,0.00038005181849624345,1370,100,10,0,2.510145408973763e-06
200,251.1933510759224,251.23209185296145,0.025799745094562697,1.855427923800886,0.0016741310256849274,1370,100,10,0,2.510145408973763e-06
300,413.7772494537895,413.77961286046923,0.006129342783302074,1.0,1.0,1370,100,10,0,2.510145408973763e-06
400,508.3832174096024,508.3929526132073,0.024142717833280952,1.0848722314916182,0.0008683662779985593,1370,100,10,0,2.510145408973763e-06
500,785.7247034083847,785.7279753716691,0.014479056367567977,1.0290433779554269,0.0020694822376090844,1370,100,10,0,2.510145408973763e-06
600,653.5077805015181,653.5186222078469,0.02558406838398582,1.0929458213026346,0.0020640195891227383,1370,100,10,0,2.510145408973763e-06
700,905.3854179980648,905.3891810772844,0.019841292692664818,1.0197545292315082,0.0016896781291493748,1370,100,10,0,2.510145408973763e-06
800,789.1713037509184,789.1774530934252,0.028564162454601926,1.0,1.0,1370,100,10,0,2.510145408973763e-06
900,1005.122317240545,1005.1264607803341,0.02571043803410758,1.0,1.0,1370,100,10,0,2.510145408973763e-06
100,93.72221409186075,93.87668671075556,0.024304035710348594,6.724487984465482,0.0016764258695245698,1370,100,11,0,2.510145408973763e-06
200,232.72354316712935,232.77326727453797,0.023256096064000704,2.4490629028524724,0.0016316007926138788,1370,100,11,0,2.510145408973763e-06
300,256.4588649661513,256.47462393539666,0.019434304463408044,1.3157562465374295,0.0015529780283239346,1370,100,11,0,2.510145408973763e-06
400,353.3781038182979,353.4042500483291,0.02596340792966005,1.4482683750846665,0.0017302714462812249,1370,100,11,0,2.510145408973763e-06
500,592.708198774587,592.7190712713392,0.027536261425123287,1.080679056512179,0.0008413130890044389,1370,100,11,0,2.510145408973763e-06
600,606.7680195448371,606.7726667388274,0.012405109493632157,1.0798481979602652,0.001779807676362608,1370,100,11,0,2.510145408973763e-06
700,409.1535221894004,409.16153130217435,0.016029728406928456,1.133135515215894,0.0018599447641918655,1370,100,11,0,2.510145408973763e-06
800,717.0516701120765,717.0576841636165,0.021220165301392372,1.0432978656409944,0.0022680022496014717,1370,100,11,0,2.510145408973763e-06
900,959.6212311699534,959.6229414428285,0.010858677431806747,1.014940629793251,0.0018130352359076994,1370,100,11,0,2.510145408973763e-06
100,112.26816489765015,112.40685718434764,0.022875444492347845,6.432788878269138,0.0014793034463415815,1370,100,12,0,2.510145408973763e-06
200,288.9997174153107,289.0055344105283,0.009653809112288412,1.2049174953950994,0.0003973439387466735,1370,100,12,0,2.510145408973763e-06
300,353.7594391067477,353.7623702596838,0.007064041616460735,1.1106892614185209,0.000510063799842388,1370,100,12,0,2.510145408973763e-06
400,631.5344026892989,631.5430567241564,0.02866980865632654,1.047767311319841,0.0008996366630973901,1370,100,12,0,2.510145408973763e-06
500,725.8360187452415,725.8436669586209,0.023560654780585163,1.0558983541183573,0.0008713602475115621,1370,100,12,0,2.510145408973763e-06
600,642.9034796215193,642.9064875120929,0.017245237970996377,1.0169989442488199,0.0021006538418618425,1370,100,12,0,2.510145408973763e-06
700,758.2481716054158,758.2538794107255,0.019252637955602482,1.047762983276869,0.0015879201570169195,1370,100,12,0,2.510145408973763e-06
800,1043.4059255576744,1043.413590055504,0.02755242695612287,1.0408370375894926,0.002080236284294974,1370,100,12,0,2.510145408973763e-06
900,1183.5612099853345,1183.5624976940499,0.009215242111488841,1.0122097385384832,0.0005275949712201859,1370,100,12,0,2.510145408973763e-06
100,100.64752298055191,100.67705410139929,0.013390566998531203,3.019271841409782,0.0013551840959473715,1370,100,13,0,2.510145408973763e-06
200,219.74083040521504,219.78465742764294,0.022043320309235427,2.3115038947482907,0.0019541959122800503,1370,100,13,0,2.510145408973763e-06
300,309.8247664820803,309.89410030953474,0.046353590241683146,1.826804529959407,0.0005271601388484702,1370,100,13,0,2.510145408973763e-06
400,489.9587266472908,489.9775258672197,0.02122951712392063,1.365260759335117,0.002006982310325362,1370,100,13,0,2.510145408973763e-06
500,613.3240337633554,613.3358093363729,0.020603799864504266,1.1665567369215846,0.0019100204139077884,1370,100,13,0,2.510145408973763e-06
600,950.335301653031,950.3503311742242,0.04543196006654722,1.0556623055796175,0.0005870366443030874,1370,100,13,0,2.510145408973763e-06
700,1006.8446705910455,1006.8533560570519,0.028265727600780676,1.0495222236888868,0.0021044653367191762,1370,100,13,0,2.510145408973763e-06
800,677.0442690945903,677.0559373934891,0.03148559352977108,1.0707437099089543,0.0008550823879258351,1370,100,13,0,2.510145408973763e-06
900,964.2796964717002,964.2865387336949,0.028362211743207154,1.0307907137213583,0.000858191000095743,1370,100,13,0,2.510145408973763e-06
100,120.89766534815335,120.96142208000113,0.020634286067244684,3.400851244024206,0.0014026896300931044,1370,100,14,0,2.510145408973763e-06
200,182.11400075848928,182.12625753922984,0.01233656578636788,1.4727326316559772,0.0003389609764284931,1370,100,14,0,2.510145408973763e-06
300,339.6681205282861,339.7022131911144,0.026845971427665233,1.6555954376731106,0.002076213902310182,1370,100,14,0,2.510145408973763e-06
400,561.2798017692058,561.2963229168361,0.0215666190462316,1.2827549730236587,0.0016730720791308042,1370,100,14,0,2.510145408973763e-06
500,514.3308792833352,514.3413758919415,0.02032938682036369,1.1379710772577143,0.0016407876432997504,1370,100,14,0,2.510145408973763e-06
600,512.3963464811623,512.4506158079633,0.04761160888701953,1.5347758761607897,0.0006586037776088534,1370,100,14,0,2.510145408973763e-06
700,765.3857737380482,765.3932399084363,0.02274650720879848,1.0573088278802265,0.0017843331738534635,1370,100,14,0,2.510145408973763e-06
800,902.3918465022309,902.4122214931523,0.04373331026809199,1.1078533737158618,0.000635223837823541,1370,100,14,0,2.510145408973763e-06
900,1579.3981502053175,1579.3994994139327,0.015691319900628074,1.0042085076242646,0.0020475687252878715,1370,100,14,0,2.510145408973763e-06
100,139.62605500571564,139.691835554644,0.02128357413418932,3.3968563429136105,0.001524280412090488,1370,100,15,0,2.510145408973763e-06
200,200.840521784154,200.9140393885895,0.030702466426607275,2.671097878819323,0.001693489560715939,1370,100,15,0,2.510145408973763e-06
300,301.80390636820005,301.84804145670694,0.024987507774846453,2.0947814493681753,0.00166777025264868,1370,100,15,0,2.510145408973763e-06
400,499.2885480282848,499.3032158379014,0.02284801592034723,1.204507150412235,0.0016144661734751027,1370,100,15,0,2.510145408973763e-06
500,774.1072933119916,774.108197194778,0.00837972708911473,1.0074726678706911,0.0005562013286498292,1370,100,15,0,2.510145408973763e-06
600,633.0923629835879,633.1002356641445,0.02295206651448268,1.062382545775341,0.0017481038670320748,1370,100,15,0,2.510145408973763e-06
700,457.3940640410119,457.43094800126687,0.04330077620642838,1.3267532790438077,0.000679607300329231,1370,100,15,0,2.510145408973763e-06
800,1253.618759049152,1253.6192112480196,0.0070808990536100295,1.0027610537907412,0.0005211576955793035,1370,100,15,0,2.510145408973763e-06
900,1130.30106997194,1130.3052555427632,0.022747541920259545,1.0183577842375544,0.0017875544065277258,1370,100,15,0,2.510145408973763e-06
100,95.65818129890117,95.73228670483935,0.014245967413879346,5.687938351941403,0.001726578182136938,1370,100,16,0,2.510145408973763e-06
200,292.0984865087661,292.154469434159,0.030801456197402786,2.1287869560782102,0.0019869961905373437,1370,100,16,0,2.510145408973763e-06
300,474.5518793571473,474.5630378887101,0.022000496727083263,1.1324467178071447,0.0016880714453962667,1370,100,16,0,2.510145408973763e-06
400,448.874641550193,448.902515150514,0.028296964064014246,1.4293873429636659,0.0020533533944096013,1370,100,16,0,2.510145408973763e-06
500,1027.062247645254,1027.0708043348513,0.02842593643535998,1.0475467750713081,0.0020427929726938793,1370,100,16,0,2.510145408973763e-06
600,442.09680964304596,442.16637367881714,0.050389232518475296,1.7273964702554638,0.0005354000907680636,1370,100,16,0,2.510145408973763e-06
700,690.1400059486953,690.1616211917277,0.03769383180836822,1.1606011486711494,0.0008379047990768988,1370,100,16,0,2.510145408973763e-06
800,1268.742748877132,1268.748247960599,0.03497660243241456,1.0130125870938371,0.0009145724272914159,1370,100,16,0,2.510145408973763e-06
900,1115.767938171663,1115.7810460757476,0.05138423623754622,1.0333087190064807,0.0026767831943942714,1370,100,16,0,2.510145408973763e-06
100,137.86298143785797,138.00294935247175,0.023849125244181507,6.223014299001051,0.0019041713723011915,1370,100,17,0,2.510145408973763e-06
200,130.65484241092926,130.69405613201104,0.014457570240125731,3.0830706774520893,0.0015556346826050991,1370,100,17,0,2.510145408973763e-06
300,311.1452036637507,311.1599936969517,0.014135247094935932,1.506132498860534,0.0016529263019528623,1370,100,17,0,2.510145408973763e-06
400,409.00259630007884,409.023883821151,0.01924346786502876,1.53694760067781,0.0016946278197111004,1370,100,17,0,2.510145408973763e-06
500,387.5326443769138,387.53659445238077,0.009086674668996675,1.112919592633997,0.0005306958539713574,1370,100,17,0,2.510145408973763e-06
600,760.64633399087,760.6597539121727,0.03279180810644084,1.0854400546894165,0.0008099984314899935,1370,100,17,0,2.510145408973763e-06
700,987.6898876643999,987.6931336148278,0.016514843822206467,1.0216533122763427,0.0018947106022344099,1370,100,17,0,2.510145408973763e-06
800,699.5493436083397,699.5544443233016,0.021460193226753143,1.030610851370979,0.0021105665701465696,1370,100,17,0,2.510145408973763e-06
900,757.1077579321142,757.1170062865216,0.027993571476988537,1.057073924444813,0.002071553340532919,1370,100,17,0,2.510145408973763e-06
100,71.71972313751169,71.92997153855595,0.021583104324686863,10.321121169106306,0.0018810414921974984,1370,100,18,0,2.510145408973763e-06
200,198.57779224266963,198.59019006973904,0.011735734184654822,1.5275990762457143,0.0004059699581292999,1370,100,18,0,2.510145408973763e-06
300,312.94150283671644,312.94791515387004,0.00945710056578628,1.2549394337594344,0.00043381895566574574,1370,100,18,0,2.510145408973763e-06
400,322.66248589718407,322.66589228246437,0.01014353740205857,1.0671400311493138,0.00037693616487094217,1370,100,18,0,2.510145408973763e-06
500,646.9593301183166,646.9644960653669,0.014923360746839927,1.0666219072611707,0.0018850694395066928,1370,100,18,0,2.510145408973763e-06
600,507.2837149539476,507.2872614246297,0.013359907187303151,1.05404017624254,0.0017057536973843507,1370,100,18,0,2.510145408973763e-06
700,450.84979612544987,450.863335785586,0.02745568903796172,1.1233500725223171,0.0008992275822651534,1370,100,18,0,2.510145408973763e-06
800,852.5643229159978,852.5664442216914,0.012368535555670787,1.0172634647548033,0.0013928914745802365,1370,100,18,0,2.510145408973763e-06
900,1108.2744854008854,1108.2749824004875,0.007683393236771059,1.002761021357679,0.0005438048669900241,1370,100,18,0,2.510145408973763e-06
100,96.36817263758043,96.41303209104208,0.01393231623006078,3.609842071813581,0.000363061778655167,1370,100,19,0,2.510145408973763e-06
200,203.90045825179104,203.9418639665223,0.02567148944751154,1.0,1.0,1370,100,19,0,2.510145408973763e-06
300,308.2364937825504,308.2672380555443,0.037574235091119526,1.0,1.0,1370,100,19,0,2.510145408973763e-06
400,544.2240190804574,544.2448760611751,0.04240173745898104,1.1197234831715124,0.0007527368046588571,1370,100,19,0,2.510145408973763e-06
500,413.5241079342688,413.5544910636209,0.032692465989731447,1.3852933151040274,0.0008735708337206306,1370,100,19,0,2.510145408973763e-06
600,688.3306030894232,688.3397882235486,0.0228745822030228,1.0845870382121998,0.0019874742394299957,1370,100,19,0,2.510145408973763e-06
700,1049.149406005506,1049.1557748638809,0.027715172014635428,1.0280234910105137,0.0008479426579764429,1370,100,19,0,2.510145408973763e-06
800,874.3203934910717,874.3261307503208,0.026886684834993697,1.0242647338304536,0.0008789924528902655,1370,100,19,0,2.510145408973763e-06
900,908.5781384258099,908.5853034886543,0.030781755798264056,1.0285328272816445,0.0009163793373188292,1370,100,19,0,2.510145408973763e-06
